calldate,clid,connection_price,destination,disposition,disposition_name,duration,ligacoes,prefix,price_per_minute,region,region2,source,source_ip,total_price,type,useragent
2022-10-03 15:33:37,9877a3e7-5fe3-4c5b-9db3-d9efc19d5206,2.6405311243438256,da Conceição,FAILED,Incidunt eius natus.,88,6,20,1.7995850663779074,Paraíba,Espírito Santo,Caldeira,38.246.192.86,48.43065847034095,INBOUND,"Mozilla/5.0 (Linux; Android 2.3.1) AppleWebKit/531.1 (KHTML, like Gecko) Chrome/26.0.841.0 Safari/531.1"
2022-07-28 13:50:48,a5679299-90db-4c92-a11a-dd8fa89081ee,1.1514482301151363,da Conceição,NO ANSWER,Vitae eaque.,214,2,73,1.674910655839542,Santa Catarina,Pernambuco,Pinto de Goiás,131.116.112.217,48.37109587332509,OUTBOUND,Mozilla/5.0 (compatible; MSIE 5.0; Windows NT 6.2; Trident/5.1)
2022-06-12 08:45:43,16269950-6a82-4551-b7a4-159524f97236,3.6903149523719,Silveira do Norte,BUSY,Eaque optio.,129,2,16,1.5030703174052396,Pernambuco,Mato Grosso,Castro Grande,136.123.50.206,5.814529243801515,INBOUND,"Mozilla/5.0 (Macintosh; U; PPC Mac OS X 10_10_0 rv:5.0; nl-BE) AppleWebKit/534.43.6 (KHTML, like Gecko) Version/4.1 Safari/534.43.6"
2023-12-13 15:18:24,78f06d7a-fe44-43bd-85a9-096329b666f7,2.1140007320147802,da Rosa,ANSWERED,Blanditiis.,200,9,73,0.5823854057222891,Roraima,Mato Grosso do Sul,Castro,29.34.25.199,12.457157890757937,INBOUND,Mozilla/5.0 (Android 2.3.3; Mobile; rv:55.0) Gecko/55.0 Firefox/55.0
2020-07-22 04:13:10,ba683af4-fd3e-4c1f-a587-0cd33960c232,4.1018980435265915,Araújo,BUSY,Ab magnam quos.,208,5,66,1.5865524760251029,Distrito Federal,Rio Grande do Norte,Porto da Prata,135.11.122.30,5.221482022846794,OUTBOUND,Mozilla/5.0 (X11; Linux x86_64; rv:1.9.6.20) Gecko/2013-09-06 09:08:02 Firefox/3.6.3
2022-01-12 11:54:15,f1ffc4da-961e-40c7-9870-9495833df9b5,4.276158928890278,Melo,ANSWERED,Blanditiis vero.,207,1,27,0.6551932533654861,Alagoas,Tocantins,Santos,32.191.197.111,25.105922987274614,INBOUND,Mozilla/5.0 (X11; Linux i686; rv:1.9.5.20) Gecko/2022-08-04 16:58:08 Firefox/3.6.15
2021-02-09 08:52:17,e4794364-ad47-4828-b236-c0243f200ee4,4.049209219806759,Mendes,FAILED,Ipsa assumenda quia.,18,6,19,0.24583091854834688,Tocantins,Rio Grande do Norte,Lima da Prata,129.144.177.146,48.13624235432926,OUTBOUND,Mozilla/5.0 (compatible; MSIE 8.0; Windows 98; Trident/5.1)
2022-04-28 18:52:36,b54659db-a43d-484d-a419-8bf99788fc35,1.9495562125788104,Cardoso,BUSY,Magni nulla.,2,2,6,0.7036986975464152,Goiás,Tocantins,Moura,207.81.151.246,13.629174249166129,OUTBOUND,"Mozilla/5.0 (Windows; U; Windows NT 10.0) AppleWebKit/535.39.1 (KHTML, like Gecko) Version/5.0.4 Safari/535.39.1"
2021-08-23 00:18:53,18b9880b-6089-42e7-81b8-8d45b55ea0ef,1.0990535446628606,Cavalcanti,BUSY,Ex excepturi.,87,2,60,1.5629927494877551,Rio de Janeiro,Amazonas,Peixoto,173.64.36.152,21.23808367612397,INBOUND,Mozilla/5.0 (compatible; MSIE 8.0; Windows NT 6.2; Trident/3.1)
2024-03-30 06:30:48,01d055fd-8821-4e69-82c4-216d302bab16,0.9485242360939373,Freitas Paulista,BUSY,Molestiae unde.,107,10,89,1.742860460533646,Tocantins,Rondônia,da Cruz,4.209.212.167,47.19263317812322,INBOUND,"Mozilla/5.0 (Linux; Android 4.0) AppleWebKit/531.1 (KHTML, like Gecko) Chrome/16.0.829.0 Safari/531.1"
2020-03-07 07:47:05,6c665b3a-5fbb-4989-9710-aec8fa9c2891,2.776892160926134,Viana de Peixoto,FAILED,Nam iusto incidunt.,265,2,20,0.892850565906765,Distrito Federal,Tocantins,Silveira do Amparo,207.91.230.110,34.00812085785799,OUTBOUND,Opera/9.16.(Windows NT 5.1; hak-TW) Presto/2.9.179 Version/12.00
2022-04-27 22:51:56,cd7f8d30-a3fc-4a14-a25d-e272a686bca7,1.5494599763077226,Lopes,BUSY,Dolor dolorem hic.,205,5,67,0.6178683306113247,Piauí,Amazonas,da Luz,213.10.186.133,4.72364358734448,OUTBOUND,Mozilla/5.0 (compatible; MSIE 8.0; Windows NT 6.1; Trident/4.0)
2021-02-19 15:58:46,bf683f38-e1d1-4906-b792-817b33a2f128,3.381080590372868,Costela,NO ANSWER,Cum voluptate.,260,7,35,1.4973532237148681,Rio de Janeiro,Alagoas,da Luz de Goiás,116.227.59.49,31.502415669517568,INBOUND,Opera/9.72.(Windows NT 6.0; oc-FR) Presto/2.9.177 Version/12.00
2023-12-20 22:13:52,2c8071f8-3ff8-4f15-bbc1-617cae94b450,2.036382519806008,Barbosa do Campo,NO ANSWER,Quibusdam animi.,99,9,38,1.4824966912703934,Mato Grosso do Sul,Tocantins,Lopes,156.125.209.250,22.081658135960936,INBOUND,Opera/8.66.(X11; Linux x86_64; fy-DE) Presto/2.9.185 Version/12.00
2021-01-25 00:39:05,7da471e3-c70a-414e-8acc-ddc59aa51463,3.2547672214387644,Sales,BUSY,Praesentium dolore.,105,9,79,0.12853547673779794,Ceará,Rio de Janeiro,Rocha,191.180.112.183,5.659745382168586,INBOUND,"Mozilla/5.0 (iPhone; CPU iPhone OS 3_1_3 like Mac OS X) AppleWebKit/532.1 (KHTML, like Gecko) FxiOS/10.9f3219.0 Mobile/93X842 Safari/532.1"
2022-04-20 04:57:39,9df6554e-66cf-4bca-9bae-8dbbc407a5b6,4.277112698159523,Cavalcanti do Galho,NO ANSWER,Est voluptatum.,295,1,1,1.9324673502290672,Paraíba,Sergipe,da Cruz Paulista,105.170.180.249,42.927928203102304,OUTBOUND,Mozilla/5.0 (Android 11; Mobile; rv:9.0) Gecko/9.0 Firefox/9.0
2023-07-21 06:36:14,e364e0e9-4aaf-4bd3-996f-647dd495bcd9,2.845583274836482,Azevedo Alegre,NO ANSWER,Nostrum suscipit.,154,2,45,0.873929702772937,Sergipe,Piauí,Melo,199.129.65.47,27.016381945690647,OUTBOUND,"Mozilla/5.0 (iPod; U; CPU iPhone OS 4_1 like Mac OS X; fy-DE) AppleWebKit/535.11.7 (KHTML, like Gecko) Version/3.0.5 Mobile/8B117 Safari/6535.11.7"
2023-09-29 02:56:14,d0efd19f-d5d8-41b6-aaa4-3e4bf03857e6,1.740421751903392,Dias,NO ANSWER,Dolor hic esse iure.,236,6,51,1.0335704719744154,Rio de Janeiro,Rondônia,Teixeira de Carvalho,81.255.2.182,5.342935870533983,INBOUND,"Mozilla/5.0 (iPad; CPU iPad OS 4_2_1 like Mac OS X) AppleWebKit/536.1 (KHTML, like Gecko) CriOS/18.0.834.0 Mobile/78U307 Safari/536.1"
2020-07-11 08:53:23,52eb6cc0-c28c-4f52-9a45-f261a821b070,4.55075048875337,Nogueira Verde,ANSWERED,Error recusandae.,276,3,41,1.2145298998183662,Roraima,Mato Grosso,Cardoso,202.93.90.235,22.629097925358803,OUTBOUND,Mozilla/5.0 (Android 3.2.1; Mobile; rv:13.0) Gecko/13.0 Firefox/13.0
2023-11-07 20:29:16,ad50291a-4f13-4861-a8d4-86eb49541406,3.2018344421031544,Jesus,FAILED,Modi delectus modi.,129,4,2,1.2116435743020317,Amapá,Mato Grosso,Aragão,135.94.183.87,25.778684742440323,INBOUND,Opera/8.48.(X11; Linux i686; unm-US) Presto/2.9.178 Version/10.00
2024-05-01 04:40:28,85a3c796-4333-4cb9-a20c-f4212fb0dfc4,1.9596638669966364,da Luz,BUSY,Molestias veniam.,146,7,28,0.7123134682131255,Paraná,Sergipe,Silva do Norte,126.131.85.218,21.814331814258537,INBOUND,"Mozilla/5.0 (Windows; U; Windows 95) AppleWebKit/532.26.5 (KHTML, like Gecko) Version/5.0.4 Safari/532.26.5"
2020-07-11 16:23:17,8d868f95-9c17-45dd-b2f5-5e7a8bfac955,3.348184008901312,Azevedo de Goiás,ANSWERED,Eum quas quod.,223,10,40,0.7531026961626783,Mato Grosso do Sul,Santa Catarina,Silveira do Campo,129.72.109.180,40.0644012271038,OUTBOUND,Mozilla/5.0 (compatible; MSIE 6.0; Windows NT 5.01; Trident/5.0)
2022-06-22 07:04:18,b64fdd28-9ce8-43b5-9cc6-3c13385ca6af,3.3522284117033614,Aragão,FAILED,Tempora explicabo.,163,2,8,0.7327592863581677,Alagoas,Rio Grande do Sul,Pires,34.10.94.74,29.456365200841862,OUTBOUND,"Mozilla/5.0 (Windows; U; Windows 95) AppleWebKit/531.18.2 (KHTML, like Gecko) Version/4.0.2 Safari/531.18.2"
2020-09-29 13:02:44,b11f3943-29f6-4e81-aed0-f56d2b4e4736,2.380318234825054,Moreira,BUSY,Velit sint officia.,69,4,72,1.699307508282088,Piauí,Paraíba,Dias Paulista,143.130.82.136,26.756986927803,INBOUND,"Mozilla/5.0 (iPod; U; CPU iPhone OS 3_0 like Mac OS X; ce-RU) AppleWebKit/534.8.7 (KHTML, like Gecko) Version/3.0.5 Mobile/8B112 Safari/6534.8.7"
2020-10-25 15:26:50,510a2b72-e36f-48fa-9820-e6c3207cced0,3.941798177192799,Costela de da Mata,BUSY,Animi molestias.,185,4,20,0.8585255000994118,Rio de Janeiro,Mato Grosso do Sul,da Rosa,96.43.236.51,43.09189731879195,OUTBOUND,"Mozilla/5.0 (iPod; U; CPU iPhone OS 3_1 like Mac OS X; ps-AF) AppleWebKit/533.17.4 (KHTML, like Gecko) Version/3.0.5 Mobile/8B115 Safari/6533.17.4"
2024-01-09 19:00:48,ccbfa58a-7293-4a3e-a792-95fbf8d397c9,4.641096723900115,Freitas de Rocha,FAILED,Quisquam nostrum.,197,1,22,1.7443440829384986,Maranhão,Paraíba,Duarte,206.155.166.160,2.87762570671694,INBOUND,"Mozilla/5.0 (Windows NT 10.0) AppleWebKit/536.2 (KHTML, like Gecko) Chrome/62.0.804.0 Safari/536.2"
2020-07-30 10:44:33,b08dc47a-6d86-42c9-804b-88ac4c686d37,2.4400325962736806,Novaes,NO ANSWER,In vitae nostrum.,93,3,30,1.1088557844907971,Rondônia,Pernambuco,Carvalho do Oeste,218.29.114.78,17.21739934638281,OUTBOUND,"Mozilla/5.0 (Windows NT 5.2) AppleWebKit/535.2 (KHTML, like Gecko) Chrome/26.0.852.0 Safari/535.2"
2020-02-27 20:10:58,ebbbed00-46ef-4d07-ab7d-6db0b170e3dc,2.5799391801204186,Oliveira,NO ANSWER,Velit nisi.,62,5,14,1.1552580454859462,Acre,Santa Catarina,Sales,133.196.110.199,27.94290271238675,INBOUND,"Mozilla/5.0 (Macintosh; U; PPC Mac OS X 10_11_9) AppleWebKit/533.1 (KHTML, like Gecko) Chrome/28.0.813.0 Safari/533.1"
2021-01-30 21:02:57,3900ff56-d33b-4988-bf56-d5a797532df9,2.2199465594383714,Moraes,NO ANSWER,Minus veniam culpa.,217,7,92,1.4353117054437257,Amapá,Distrito Federal,Almeida,144.90.27.12,49.54457348371323,INBOUND,Opera/9.47.(Windows 98; br-FR) Presto/2.9.190 Version/12.00
2024-03-12 20:36:09,185edec7-d33b-4271-b305-108743957b76,2.351440800532358,Nunes do Amparo,ANSWERED,At doloremque modi.,84,6,36,1.4082342972241237,Pará,Rio Grande do Norte,das Neves da Praia,126.215.242.180,21.335486027352836,INBOUND,"Mozilla/5.0 (iPhone; CPU iPhone OS 12_4_8 like Mac OS X) AppleWebKit/533.0 (KHTML, like Gecko) FxiOS/9.7s3695.0 Mobile/73T270 Safari/533.0"
2023-08-30 04:40:33,323daa49-fbe3-41df-948c-eb9ee3cb4c81,2.7722576735395528,Duarte,BUSY,Soluta deleniti.,266,4,96,1.1446269819896775,Espírito Santo,Ceará,Cardoso,150.235.143.59,26.057267677796947,INBOUND,"Mozilla/5.0 (Windows NT 6.2) AppleWebKit/536.0 (KHTML, like Gecko) Chrome/22.0.857.0 Safari/536.0"
2020-12-30 12:17:09,5f0b087b-c5c9-4756-8fef-5d37da10483c,3.1515194551732484,Caldeira do Oeste,NO ANSWER,Similique nobis vel.,168,3,21,0.16959455251588645,Distrito Federal,Amapá,Alves do Sul,115.68.230.123,27.601609022351333,OUTBOUND,Mozilla/5.0 (compatible; MSIE 6.0; Windows NT 5.2; Trident/4.1)
2021-07-17 02:34:28,b0edc6ed-4d16-4340-908f-475fc25c92e4,0.5578377690814927,da Conceição Verde,NO ANSWER,Vitae beatae ut.,204,2,34,0.2649693065779828,Acre,Santa Catarina,Vieira da Prata,63.62.9.83,1.637760086901991,INBOUND,Mozilla/5.0 (compatible; MSIE 7.0; Windows NT 6.1; Trident/5.0)
2021-04-18 21:21:38,680a6117-7b11-48c8-9630-bea4258a9bf8,3.9318180018461346,Silveira,ANSWERED,Delectus harum sunt.,287,10,50,0.13239384513985092,Sergipe,Rio de Janeiro,Ramos,111.122.254.67,20.359267748520118,INBOUND,"Mozilla/5.0 (iPhone; CPU iPhone OS 3_1_3 like Mac OS X) AppleWebKit/536.1 (KHTML, like Gecko) FxiOS/12.8g3481.0 Mobile/84V591 Safari/536.1"
2020-07-21 19:29:55,b67e3657-e073-4088-8794-bb0a9766ae46,1.8208072647036782,Vieira Paulista,ANSWERED,Et odit dolorum id.,202,6,43,0.4076022340093455,Pará,Pernambuco,das Neves Paulista,115.53.159.104,12.007505487542627,INBOUND,Mozilla/5.0 (compatible; MSIE 8.0; Windows NT 10.0; Trident/3.1)
2023-07-09 17:07:04,76ac090d-a158-4b17-8a07-6f32682276b9,4.368387812969753,Oliveira Grande,FAILED,Sit amet iusto.,293,10,79,1.0053968290253366,Bahia,São Paulo,Moreira,128.52.26.19,17.398068608448853,OUTBOUND,"Mozilla/5.0 (iPhone; CPU iPhone OS 9_3_6 like Mac OS X) AppleWebKit/533.0 (KHTML, like Gecko) FxiOS/16.5v0272.0 Mobile/82E608 Safari/533.0"
2022-11-12 14:23:36,62ca2d57-d685-4ca0-8496-82d226cd0663,0.287816951036291,Rocha da Prata,NO ANSWER,Officiis nam.,90,4,16,1.9307092052689852,Pernambuco,Mato Grosso,Melo das Flores,87.79.31.233,22.925017074747423,OUTBOUND,Mozilla/5.0 (Windows NT 5.1; bo-CN; rv:1.9.2.20) Gecko/2023-09-15 04:29:45 Firefox/3.6.5
2023-01-24 13:53:40,8ef735aa-81c1-431d-ab5e-3a2ad66de8b5,2.186625965399505,Nunes,NO ANSWER,Deserunt voluptas.,191,3,98,1.8173868474730002,Paraná,Pará,Costa do Sul,154.206.184.165,42.47982750745992,OUTBOUND,"Mozilla/5.0 (iPhone; CPU iPhone OS 10_3_3 like Mac OS X) AppleWebKit/531.2 (KHTML, like Gecko) FxiOS/16.5g2891.0 Mobile/86U076 Safari/531.2"
2023-06-21 08:57:47,da1f3a2a-c74a-4345-b472-bc1f9eda73e4,3.6478066783734104,Alves,FAILED,Quae vitae quos.,165,1,20,1.2902799836296786,Pará,Alagoas,da Cruz do Campo,93.210.218.157,31.547353666962785,INBOUND,Mozilla/5.0 (compatible; MSIE 5.0; Windows NT 4.0; Trident/3.1)
2020-04-12 15:13:29,52c2ae23-205d-446b-aeed-f1eb1361509e,1.692220105834042,Fernandes,FAILED,Id impedit iure.,106,1,17,1.8368059251688431,Piauí,Distrito Federal,da Paz Alegre,210.8.186.66,10.083767302721123,OUTBOUND,Opera/8.82.(X11; Linux x86_64; mag-IN) Presto/2.9.173 Version/10.00
2021-04-27 07:58:14,7dc53f12-4fe5-41f8-8cee-d6837852ae32,4.446928557314031,Castro Alegre,FAILED,Ad laudantium.,186,4,63,1.7428809908428362,Mato Grosso,Paraná,Rocha,13.133.115.22,41.394855820509704,OUTBOUND,"Mozilla/5.0 (Windows; U; Windows NT 5.2) AppleWebKit/533.20.6 (KHTML, like Gecko) Version/4.1 Safari/533.20.6"
2020-04-06 17:50:12,85a26a1b-50e9-4b6e-8d15-858ccd4b678b,0.8483811400375535,da Cunha Grande,ANSWERED,Modi illum impedit.,111,3,83,1.400530402656786,Pernambuco,Amapá,Barros Verde,211.149.224.67,22.484781904344732,OUTBOUND,Mozilla/5.0 (Macintosh; PPC Mac OS X 10_10_7; rv:1.9.4.20) Gecko/2012-08-03 00:16:03 Firefox/6.0
2020-07-28 16:14:29,cb728f42-352d-467b-bd14-c8f3afc101e5,4.6667079697836655,Araújo Alegre,BUSY,At soluta alias.,230,5,26,0.6121315840123671,Pernambuco,Rio de Janeiro,Gomes de Martins,223.82.249.15,32.5328421974333,INBOUND,"Mozilla/5.0 (Windows NT 5.2) AppleWebKit/536.0 (KHTML, like Gecko) Chrome/28.0.866.0 Safari/536.0"
2023-11-02 16:26:57,6268955b-417e-4b5d-a06b-8fa4c793f59a,0.39238492702859795,Santos Paulista,NO ANSWER,Debitis at soluta.,131,1,41,0.23908556752079696,São Paulo,Mato Grosso do Sul,Correia,146.249.111.199,17.149068596158777,OUTBOUND,Opera/9.43.(Windows NT 6.1; eo-US) Presto/2.9.183 Version/10.00
2021-03-29 15:53:49,30ee8708-ef69-4f37-9b1a-50b8c8e3bb0a,2.642800902465672,Carvalho de Goiás,ANSWERED,Sunt maiores fugiat.,99,9,37,1.754623242187388,Paraíba,Rio Grande do Sul,Novaes da Prata,97.117.64.236,6.987223824975705,OUTBOUND,Opera/9.64.(X11; Linux x86_64; af-ZA) Presto/2.9.172 Version/10.00
2023-05-23 07:43:57,51922b23-f042-4b95-b97c-b5481fbc8a87,0.6902626749087623,das Neves do Norte,NO ANSWER,Possimus autem.,227,3,100,1.1454069602037147,Minas Gerais,Rio de Janeiro,Almeida,154.20.237.128,26.295812509221236,OUTBOUND,"Mozilla/5.0 (Windows; U; Windows 98) AppleWebKit/535.8.3 (KHTML, like Gecko) Version/5.1 Safari/535.8.3"
2021-05-02 01:17:03,78272e04-b923-40d7-9df5-7f50b98d9243,0.665507613825221,Costela,FAILED,Sunt accusantium.,163,6,64,1.4095061263568085,Rio Grande do Norte,Alagoas,Costa do Sul,35.171.48.115,48.908469965338185,OUTBOUND,Opera/8.94.(Windows NT 4.0; ku-TR) Presto/2.9.176 Version/11.00
2021-12-07 21:05:39,63f1b9be-673e-448f-8ca2-ef4d70425251,2.741309823277065,da Cunha de Alves,NO ANSWER,Iusto laboriosam ad.,68,1,88,0.39488379126212225,Ceará,Tocantins,Peixoto de da Cunha,18.27.180.61,46.228147998162825,OUTBOUND,Mozilla/5.0 (X11; Linux i686; rv:1.9.5.20) Gecko/2021-02-13 06:45:50 Firefox/8.0
2023-11-07 15:51:50,737a5910-1cf1-401e-b762-88f9763d0899,0.1284309850688195,Cavalcanti,ANSWERED,Sunt cumque quo.,214,2,42,1.224997709211715,Rio Grande do Norte,Rio Grande do Sul,Cardoso da Serra,110.48.93.235,17.140042348450248,INBOUND,"Mozilla/5.0 (Macintosh; Intel Mac OS X 10_7_0) AppleWebKit/531.1 (KHTML, like Gecko) Chrome/13.0.843.0 Safari/531.1"
2023-10-15 15:59:55,f88c90d5-e9e8-4b8a-aa2b-0dd64310aff5,0.18888377617846208,da Rosa,BUSY,Nulla commodi totam.,292,8,5,0.7660652414561254,Bahia,Espírito Santo,da Mata,163.198.186.180,12.74674763789999,OUTBOUND,Opera/9.29.(Windows CE; cs-CZ) Presto/2.9.177 Version/12.00
2020-02-29 21:45:48,70b5c3d6-a79b-45a7-833c-70c92d732f28,2.3773059987689154,da Mota do Sul,NO ANSWER,Quibusdam eligendi.,123,7,7,0.15297790582643855,Paraíba,Amapá,Barros da Mata,213.71.114.178,36.66624617610661,INBOUND,Mozilla/5.0 (Windows 98; gl-ES; rv:1.9.0.20) Gecko/2014-04-24 22:01:06 Firefox/3.8
2022-04-03 21:40:54,b21563d5-6e1b-4c4e-83eb-dead9656ac55,1.1453194792182642,Rodrigues,FAILED,Delectus laudantium.,118,2,43,0.09822798642435729,Goiás,Goiás,Porto das Pedras,213.91.202.107,39.21688394781441,INBOUND,Opera/8.13.(X11; Linux i686; se-NO) Presto/2.9.178 Version/12.00
2023-04-20 23:15:50,c3780164-8d9d-4845-b888-84c02a74c7a2,4.452549897999622,Silveira,ANSWERED,Aliquid quam.,208,2,85,0.5158551866756198,Amazonas,Pernambuco,Gomes da Prata,111.61.77.17,25.236645288833273,INBOUND,Opera/9.33.(X11; Linux x86_64; zh-SG) Presto/2.9.161 Version/10.00
2024-05-15 03:41:15,6029fc8e-cfad-4bd6-8443-f4d4ab1d7181,1.7656129793913033,Moura Verde,ANSWERED,Veniam earum.,214,1,67,0.6411712513231346,Bahia,Amapá,Pires,29.168.207.139,41.248290101461656,OUTBOUND,"Mozilla/5.0 (Macintosh; Intel Mac OS X 10_11_5) AppleWebKit/531.0 (KHTML, like Gecko) Chrome/46.0.859.0 Safari/531.0"
2022-06-10 19:31:51,b469a0c5-da68-4968-91cf-711e68a33cf6,0.29897518170545856,Dias,NO ANSWER,Soluta atque libero.,87,10,27,1.2579587803987016,Amapá,Pará,Freitas Grande,120.26.0.169,25.236188904974572,INBOUND,Mozilla/5.0 (Android 4.4.3; Mobile; rv:6.0) Gecko/6.0 Firefox/6.0
2021-01-02 10:06:49,3f884072-af9f-4875-be91-6bead6198999,0.8025979906991774,Vieira,BUSY,Debitis laboriosam.,116,3,61,0.8875016744667045,Amazonas,Maranhão,Dias,151.247.22.164,48.516069188363346,OUTBOUND,"Mozilla/5.0 (iPod; U; CPU iPhone OS 3_0 like Mac OS X; ne-NP) AppleWebKit/531.2.4 (KHTML, like Gecko) Version/4.0.5 Mobile/8B118 Safari/6531.2.4"
2020-12-11 20:09:22,9a9836d3-ddbf-4c65-bd9f-84fb11341e94,1.4774466035676992,Peixoto do Campo,FAILED,Occaecati eum.,24,10,85,0.5757002617330723,Maranhão,Tocantins,Peixoto de da Cunha,202.210.66.47,34.47553752026843,INBOUND,Opera/8.48.(X11; Linux x86_64; bem-ZM) Presto/2.9.186 Version/10.00
2024-03-26 08:26:36,01d53878-9a07-49e6-8be9-4298cfce6aaf,0.8974535870710878,Santos de Minas,BUSY,Optio quis iure.,160,4,55,1.567687442761092,Sergipe,São Paulo,Alves,24.120.122.71,11.745964815217453,INBOUND,Opera/8.53.(X11; Linux i686; yi-US) Presto/2.9.176 Version/11.00
2024-02-06 22:56:48,7b34e762-f2e1-4a15-a6ad-706b395d5936,3.262059154781424,Porto da Praia,ANSWERED,Natus est quas.,237,6,54,1.0339110832287348,Piauí,Rio Grande do Sul,Caldeira das Flores,189.199.120.0,6.727643422291748,OUTBOUND,"Mozilla/5.0 (Linux; Android 2.2.2) AppleWebKit/536.1 (KHTML, like Gecko) Chrome/56.0.836.0 Safari/536.1"
2023-07-09 04:21:43,fb615dfb-e226-4353-8dad-fefaa06bed9b,1.5079156697500817,Gomes,ANSWERED,Occaecati quaerat.,282,2,75,1.8486035145259327,Rio Grande do Norte,Rio Grande do Sul,Araújo do Norte,118.21.198.4,47.66483808175372,INBOUND,"Mozilla/5.0 (iPad; CPU iPad OS 5_1_1 like Mac OS X) AppleWebKit/533.0 (KHTML, like Gecko) FxiOS/15.8e1046.0 Mobile/23R648 Safari/533.0"
2020-11-18 05:42:09,47e4d59b-705d-4ef6-9150-841173652828,0.6084749867790095,Correia do Oeste,ANSWERED,Vitae laboriosam.,298,5,12,0.8895754029116995,Pará,Sergipe,Rezende de Nascimento,73.163.91.78,31.3928996297092,OUTBOUND,Opera/9.50.(Windows NT 4.0; kn-IN) Presto/2.9.187 Version/11.00
2023-02-14 03:20:42,a9d311b9-d521-40be-9542-a6812519ab27,1.4057251762994765,Cardoso de Costa,NO ANSWER,Non voluptates.,223,8,98,1.6155167279141316,Mato Grosso do Sul,Rio Grande do Norte,Nascimento do Norte,148.49.158.148,30.9003621665199,INBOUND,"Mozilla/5.0 (Macintosh; Intel Mac OS X 10_6_4 rv:3.0; ku-TR) AppleWebKit/532.28.5 (KHTML, like Gecko) Version/5.0.1 Safari/532.28.5"
2024-03-01 18:46:18,f4d5ac67-04cb-4ece-a8bc-fbae4ec19f38,1.9378894667648268,Nascimento das Flores,BUSY,Nulla quod numquam.,200,8,16,1.2406821879507908,Minas Gerais,Distrito Federal,Cavalcanti,120.49.106.93,22.989389774031494,INBOUND,Opera/8.76.(Windows NT 6.1; sc-IT) Presto/2.9.172 Version/10.00
2022-05-20 00:45:15,278f990b-a41a-470c-8c7e-492281df2993,3.287799564599197,Porto do Sul,NO ANSWER,Facere esse.,110,5,5,1.0673379050905305,Santa Catarina,Mato Grosso do Sul,Pinto,22.60.65.52,14.089153728584797,INBOUND,"Mozilla/5.0 (iPod; U; CPU iPhone OS 4_0 like Mac OS X; fy-DE) AppleWebKit/531.23.4 (KHTML, like Gecko) Version/3.0.5 Mobile/8B114 Safari/6531.23.4"
2024-03-10 09:59:33,15dc29a1-5e3b-47db-ba42-e0b9c5de9022,4.012019756521012,Monteiro de Souza,FAILED,Rem animi est hic.,48,6,24,1.3016388058915975,Maranhão,Maranhão,Costa,160.70.94.133,10.561727444235954,OUTBOUND,"Mozilla/5.0 (Windows; U; Windows 95) AppleWebKit/535.35.4 (KHTML, like Gecko) Version/4.0 Safari/535.35.4"
2021-11-23 10:30:46,aba2f698-934e-4141-b75b-d95396d3e0e5,2.5851003863625923,Dias do Amparo,NO ANSWER,Consequuntur.,239,7,73,1.2897407363854878,Amapá,Maranhão,Lima do Sul,140.66.194.118,35.27039136800015,OUTBOUND,"Mozilla/5.0 (Windows; U; Windows 95) AppleWebKit/531.49.7 (KHTML, like Gecko) Version/5.0.3 Safari/531.49.7"
2024-05-17 11:02:51,f663e9a3-3763-4958-add2-e6e273097211,4.275961688021099,Pinto do Galho,ANSWERED,Incidunt aut.,137,6,10,0.9275003276754817,Rio Grande do Norte,Paraná,Viana,183.41.164.220,26.799943036995842,INBOUND,"Mozilla/5.0 (Windows; U; Windows 98; Win 9x 4.90) AppleWebKit/534.18.2 (KHTML, like Gecko) Version/4.0.4 Safari/534.18.2"
2022-09-03 16:01:27,4eedd277-ad69-448f-ac89-f0a7ebe8d825,0.4520649942739209,Castro,FAILED,Natus voluptates.,28,6,26,0.667049735134295,Roraima,Sergipe,Fernandes,39.102.6.171,6.162683294946954,OUTBOUND,"Mozilla/5.0 (Windows; U; Windows 95) AppleWebKit/532.9.5 (KHTML, like Gecko) Version/5.0.1 Safari/532.9.5"
2021-01-07 05:47:34,ab7272db-0860-4781-a4b6-8a6688832825,4.106934430445674,Vieira do Sul,ANSWERED,Numquam quas.,241,1,96,1.495409311282474,Sergipe,Rio Grande do Norte,Carvalho,101.46.151.199,1.5712654875417147,INBOUND,Mozilla/5.0 (Android 4.3.1; Mobile; rv:11.0) Gecko/11.0 Firefox/11.0
2022-02-13 14:00:18,bd2219e0-8ca1-475a-a731-fa0909fee2f2,4.906757254953456,Sales,ANSWERED,Consectetur vitae.,211,7,5,0.15435136555843484,Distrito Federal,Distrito Federal,Moura,5.170.79.228,40.8086495136285,OUTBOUND,Mozilla/5.0 (compatible; MSIE 8.0; Windows NT 10.0; Trident/5.0)
2020-08-03 23:08:33,806a4e25-51ac-4896-9375-e7f7c8804b87,2.811252782817587,da Conceição,BUSY,Libero natus.,232,4,16,1.0439115346324557,Acre,Alagoas,Dias,176.33.158.197,2.1074132276120703,INBOUND,Mozilla/5.0 (Macintosh; Intel Mac OS X 10_8_6; rv:1.9.6.20) Gecko/2023-03-13 16:17:10 Firefox/15.0
2024-02-17 15:03:40,785c69d0-e57d-482e-bdc3-78652e23053e,1.711339412360234,Moreira de Viana,ANSWERED,Porro cumque culpa.,138,3,4,0.5858656547926278,Ceará,Amazonas,Campos de Goiás,104.107.12.235,17.146013647259636,OUTBOUND,Mozilla/5.0 (Android 4.4; Mobile; rv:46.0) Gecko/46.0 Firefox/46.0
2024-03-23 01:06:14,d19de1f7-99aa-4463-947e-6c0bb7cd314d,1.1338155572614046,Sales,BUSY,Corrupti ut ut.,75,6,22,1.7292157758579279,Amazonas,Distrito Federal,Martins de Vieira,50.248.245.204,33.5557547126211,OUTBOUND,"Mozilla/5.0 (iPod; U; CPU iPhone OS 4_0 like Mac OS X; doi-IN) AppleWebKit/531.40.1 (KHTML, like Gecko) Version/4.0.5 Mobile/8B111 Safari/6531.40.1"
2022-05-24 06:02:10,9bfc7006-3135-44d9-82a2-9780ee2d4c9b,1.1148666110714383,Ribeiro dos Dourados,FAILED,Dolorem voluptas.,255,10,9,0.8215505286822515,Maranhão,Tocantins,Silva,26.125.213.235,17.53678981362697,OUTBOUND,"Mozilla/5.0 (Macintosh; U; Intel Mac OS X 10_8_1) AppleWebKit/535.1 (KHTML, like Gecko) Chrome/36.0.856.0 Safari/535.1"
2020-03-31 20:37:18,d34d0657-ce1b-49dd-b9f6-15f98acf47d5,1.5461788672589192,Aragão de Correia,FAILED,Cum voluptates ipsa.,192,8,77,0.5589284175750624,Amazonas,Tocantins,da Mata,25.136.111.210,34.495104508235606,INBOUND,Mozilla/5.0 (compatible; MSIE 9.0; Windows NT 10.0; Trident/4.1)
2023-02-07 09:40:20,cd169d7b-97fd-4b78-b1f7-d9a4040ec2f6,1.6383009533029864,Almeida das Flores,ANSWERED,Sunt corrupti.,87,10,66,0.27572875190591595,Rio de Janeiro,Maranhão,Jesus,87.2.45.143,6.653603735073696,OUTBOUND,"Mozilla/5.0 (iPod; U; CPU iPhone OS 3_3 like Mac OS X; sat-IN) AppleWebKit/532.16.6 (KHTML, like Gecko) Version/3.0.5 Mobile/8B117 Safari/6532.16.6"
2020-12-16 12:53:40,344e7773-20db-4a76-b82b-0a2e02c618dd,4.895691023414366,Novaes,NO ANSWER,Dicta asperiores.,248,2,45,0.5075362124957166,Alagoas,Rio de Janeiro,da Mata,130.119.91.224,16.76210090806132,OUTBOUND,Mozilla/5.0 (Macintosh; Intel Mac OS X 10_8_8; rv:1.9.2.20) Gecko/2022-01-28 01:37:54 Firefox/8.0
2023-12-29 08:30:50,3f4ac478-0bec-442e-b56c-220bcc6845d7,0.36220908422955567,Farias da Serra,BUSY,Dolor sequi error.,292,2,60,0.21976628137490395,Alagoas,Rio de Janeiro,da Luz de Nunes,27.228.20.231,27.281210100629394,OUTBOUND,"Mozilla/5.0 (Macintosh; Intel Mac OS X 10_6_1) AppleWebKit/534.0 (KHTML, like Gecko) Chrome/49.0.816.0 Safari/534.0"
2020-09-16 01:41:32,7c215aea-9480-48a0-85f6-f4001a41e84b,1.3858855628186482,Oliveira da Mata,FAILED,Perspiciatis animi.,11,6,3,1.5431893244015447,Pará,Tocantins,Correia,147.87.0.51,5.329765473175872,INBOUND,"Mozilla/5.0 (Macintosh; PPC Mac OS X 10_5_7) AppleWebKit/532.1 (KHTML, like Gecko) Chrome/43.0.862.0 Safari/532.1"
2023-02-02 12:26:24,a6f2dd36-b05d-4122-95ce-9f28c27455b0,0.832638342728328,Fogaça do Galho,FAILED,Quae sed suscipit.,114,5,9,1.0009486471629967,Maranhão,Bahia,Fogaça,223.171.192.136,29.76440121523887,OUTBOUND,Mozilla/5.0 (compatible; MSIE 8.0; Windows NT 6.2; Trident/5.1)
2023-06-25 15:44:06,304579d8-1036-4bec-92d6-2650b629ed1d,1.454610771374164,Moura,FAILED,Laborum sit culpa.,230,5,27,0.20787439267123187,Tocantins,Amapá,Nascimento,96.221.188.112,41.00580210937563,OUTBOUND,Mozilla/5.0 (compatible; MSIE 9.0; Windows NT 6.0; Trident/5.0)
2023-03-15 23:20:38,e299f538-04ac-4847-8cf2-3b1942011c0c,1.4771813854199154,Moura,NO ANSWER,Iste quam odit.,14,7,44,1.0339416260523422,Rio de Janeiro,Espírito Santo,Azevedo,212.155.91.49,24.971856260230233,OUTBOUND,"Mozilla/5.0 (Windows; U; Windows 95) AppleWebKit/533.35.1 (KHTML, like Gecko) Version/4.0.2 Safari/533.35.1"
2021-07-13 19:10:43,24d1ac40-a9af-4dbe-8fbe-f48becceadc5,4.886438043361222,Teixeira,ANSWERED,Aliquam quae beatae.,9,1,9,0.3750650591809807,Acre,Bahia,Viana da Serra,113.164.140.14,7.017009248412478,INBOUND,Mozilla/5.0 (Macintosh; PPC Mac OS X 10_7_1; rv:1.9.3.20) Gecko/2023-08-30 14:41:43 Firefox/3.6.7
2021-05-30 00:04:24,d9fd08f1-e6ee-4c70-902f-3b68fe3c75f0,0.3699266275653279,Rezende de Goiás,ANSWERED,Minus ducimus aut.,260,4,50,0.6427869079539873,Amazonas,Roraima,Cunha das Flores,103.217.63.19,3.341182404315302,INBOUND,Opera/9.56.(X11; Linux i686; sc-IT) Presto/2.9.185 Version/11.00
2020-11-07 16:59:19,7f36ba02-82dc-43ca-a6e9-d944b3f21bf0,2.385889794745454,da Paz das Flores,NO ANSWER,Quaerat velit sed.,66,8,61,0.5208929178540606,Paraíba,Mato Grosso do Sul,Nascimento da Serra,16.183.128.6,40.21580778155259,INBOUND,Mozilla/5.0 (compatible; MSIE 8.0; Windows NT 6.0; Trident/4.1)
2024-05-09 09:54:56,0453f7d3-5f0f-40c9-801f-e0e55b3aa5f4,3.092641497772623,Silva de Caldeira,NO ANSWER,Dolorum et.,204,6,24,1.8593749145257943,Rio Grande do Sul,Pernambuco,Mendes Verde,76.216.62.170,7.014698714147406,INBOUND,"Mozilla/5.0 (iPhone; CPU iPhone OS 10_3_3 like Mac OS X) AppleWebKit/533.0 (KHTML, like Gecko) FxiOS/13.8k5474.0 Mobile/52A424 Safari/533.0"
2020-03-02 17:30:16,1a81cc28-4457-4fe5-8a18-f31ab8f80ea7,0.28012410216951733,da Costa,ANSWERED,Voluptas provident.,102,8,71,1.2225996056639516,Piauí,Pará,Novaes,132.47.11.190,31.944593147861294,OUTBOUND,Mozilla/5.0 (Macintosh; U; PPC Mac OS X 10_8_6; rv:1.9.4.20) Gecko/2017-03-03 13:38:14 Firefox/10.0
2022-03-25 09:29:57,fd040812-7a99-4ccb-b0ae-3d581b473112,3.5456628074166843,Rodrigues,ANSWERED,Consequuntur alias.,128,5,92,0.9315491167274471,Sergipe,Paraíba,Costa do Oeste,22.171.199.117,30.255832670933064,OUTBOUND,Mozilla/5.0 (compatible; MSIE 8.0; Windows NT 6.1; Trident/3.0)
2021-01-28 13:33:53,b2f5cb78-58eb-44cc-96a6-d973bd4b4e47,2.0409146602920263,Sales,NO ANSWER,Beatae eius natus.,279,1,1,1.6884832300951338,São Paulo,Pará,Lima dos Dourados,41.104.213.5,22.198787084205783,OUTBOUND,"Mozilla/5.0 (Macintosh; U; PPC Mac OS X 10_7_6 rv:6.0; wae-CH) AppleWebKit/535.2.7 (KHTML, like Gecko) Version/5.0.1 Safari/535.2.7"
2020-09-16 00:09:15,0255e2ce-0561-4de7-8646-66abb6f3ff4e,1.6300466661393018,Silva,BUSY,Quod laudantium.,233,2,43,1.6881833356907894,Rio Grande do Sul,Rondônia,Campos da Prata,141.206.190.172,26.990819617542353,INBOUND,"Mozilla/5.0 (Windows NT 5.1) AppleWebKit/532.2 (KHTML, like Gecko) Chrome/30.0.850.0 Safari/532.2"
2022-12-03 07:43:22,9fe4c7ce-2511-43aa-b923-5d1b775e70fd,4.293236975234686,Mendes,FAILED,Totam earum.,129,2,26,1.8307145426527949,Amazonas,Mato Grosso,Pereira,81.191.129.165,2.602664026112676,INBOUND,Opera/9.41.(X11; Linux x86_64; tr-TR) Presto/2.9.160 Version/11.00
2023-05-03 01:09:36,9d54fd98-85b3-44d6-9112-d91280ee0a5f,1.676034602291218,da Conceição,FAILED,Velit repellat.,261,3,8,1.566356442249805,Santa Catarina,Santa Catarina,Cardoso de Lima,67.1.128.34,7.911843119824976,OUTBOUND,"Mozilla/5.0 (Macintosh; U; Intel Mac OS X 10_8_9 rv:6.0; ln-CD) AppleWebKit/535.22.3 (KHTML, like Gecko) Version/5.0.4 Safari/535.22.3"
2023-06-29 11:12:26,c92ea33a-2f97-4557-81d4-690287335eb0,0.65180095918649,Oliveira,FAILED,Minima.,211,10,94,0.3685949457442472,Bahia,Alagoas,Ribeiro do Campo,13.9.142.177,4.911913461745149,OUTBOUND,"Mozilla/5.0 (X11; Linux x86_64) AppleWebKit/536.1 (KHTML, like Gecko) Chrome/18.0.816.0 Safari/536.1"
2021-03-22 03:08:55,815278d9-c24f-4b64-ad20-aa2aeccc48e0,1.8636010455536036,Barros das Pedras,NO ANSWER,Assumenda quia.,274,1,89,0.41243266201014694,Piauí,Santa Catarina,Melo da Serra,124.58.142.244,46.33540182006685,INBOUND,"Mozilla/5.0 (iPad; CPU iPad OS 9_3_5 like Mac OS X) AppleWebKit/531.0 (KHTML, like Gecko) FxiOS/13.5r1893.0 Mobile/42P462 Safari/531.0"
2022-07-04 17:56:21,bb6bc2ed-6250-4116-9c11-9e39b50618fa,2.117199380526363,da Luz,ANSWERED,Dolore iure debitis.,81,9,70,0.8558807737403595,Rondônia,Maranhão,Aragão do Norte,120.165.126.211,36.69103180916554,OUTBOUND,Mozilla/5.0 (compatible; MSIE 8.0; Windows NT 10.0; Trident/4.1)
2022-03-23 15:36:58,0469e8ce-67bf-47dd-af17-b1f3f070fa17,0.7767364398645288,Castro de Goiás,FAILED,In dicta accusamus.,203,8,87,1.42931996585743,Pará,Piauí,da Mata do Oeste,134.148.177.97,39.37400073043775,INBOUND,"Mozilla/5.0 (Windows NT 5.0) AppleWebKit/536.0 (KHTML, like Gecko) Chrome/37.0.889.0 Safari/536.0"
2023-08-02 07:39:35,3aa65a51-f0ad-422b-a533-c58412599066,3.0179387660641734,Gonçalves da Praia,ANSWERED,Deserunt id nemo.,27,2,35,0.8274020640382779,Piauí,Ceará,Nunes da Mata,133.214.28.48,10.524454523254612,OUTBOUND,Mozilla/5.0 (Android 7.0; Mobile; rv:61.0) Gecko/61.0 Firefox/61.0
2022-11-02 10:35:50,07e5efa2-d2d4-42bb-9ca4-47ee611f16be,2.967183762558935,Araújo,ANSWERED,Veniam itaque dolor.,104,3,97,0.982133348105156,Bahia,Maranhão,Carvalho,156.133.230.180,9.731029241968184,OUTBOUND,Opera/9.14.(X11; Linux i686; unm-US) Presto/2.9.168 Version/11.00
2023-04-06 11:51:34,70a57167-5385-4025-8a70-ea811ef6ed6c,4.757750783994403,Azevedo,BUSY,Eum ipsam natus.,116,8,71,1.0634096717304233,Acre,Espírito Santo,Fernandes de Goiás,142.82.89.184,24.408661615737156,INBOUND,Mozilla/5.0 (Windows NT 6.0; ia-FR; rv:1.9.2.20) Gecko/2011-10-04 22:56:02 Firefox/3.8
2022-11-07 23:52:28,af7dbc90-97b5-4c9a-a5a0-e6b9dc6b47ee,0.6891164948473502,Mendes,NO ANSWER,Odit aut reiciendis.,143,5,61,1.3265118581442716,Distrito Federal,Mato Grosso do Sul,Pires,110.129.12.7,14.910485032848896,INBOUND,Mozilla/5.0 (Macintosh; PPC Mac OS X 10_10_7; rv:1.9.4.20) Gecko/2023-09-06 01:05:27 Firefox/3.6.12
2020-12-12 17:50:11,ad9b46e7-a6d9-4145-ace9-3f314f6eace3,1.113548677444628,Santos do Oeste,ANSWERED,Illum accusamus id.,230,3,90,1.6464032077289552,Minas Gerais,Minas Gerais,Cardoso,136.212.209.103,28.75617503724498,OUTBOUND,Opera/9.12.(X11; Linux i686; ps-AF) Presto/2.9.176 Version/11.00
2023-05-31 20:50:46,b45dd002-3324-4178-80c1-607e25aa8a9f,4.198167875574351,Melo,BUSY,Fuga ducimus culpa.,193,10,61,1.354736822204589,Paraná,Maranhão,Silva da Serra,200.177.105.36,37.37511851679138,OUTBOUND,"Mozilla/5.0 (Macintosh; U; PPC Mac OS X 10_8_6) AppleWebKit/533.2 (KHTML, like Gecko) Chrome/38.0.852.0 Safari/533.2"
2022-07-30 19:10:40,d7c61c47-5791-4914-b0e3-7fe01e5ab288,4.820080809991327,Moura,FAILED,Dolor placeat saepe.,273,3,31,0.057866653049860814,Bahia,Goiás,Sales,199.234.173.22,7.683317133473856,INBOUND,Mozilla/5.0 (Windows 98; Win 9x 4.90; kl-GL; rv:1.9.1.20) Gecko/2010-08-17 05:49:31 Firefox/3.8
2021-12-04 04:19:32,c337d199-2a62-4439-b206-eedf1d4182b2,3.7437372207302184,Freitas Verde,FAILED,Veniam officia a.,127,1,100,0.25593746842625964,Ceará,São Paulo,da Paz,205.249.31.234,26.397611643620074,INBOUND,Opera/8.46.(X11; Linux x86_64; eo-US) Presto/2.9.190 Version/12.00
2021-06-28 17:32:28,330a0130-453e-4f3b-8f70-7f2c39747ab4,4.9669879631337945,Mendes de Goiás,NO ANSWER,Porro itaque.,71,1,77,1.7859717169825953,Paraíba,Paraíba,Pinto da Mata,205.64.83.127,10.31425930812381,INBOUND,Mozilla/5.0 (compatible; MSIE 8.0; Windows NT 5.01; Trident/5.1)
2021-02-27 11:56:22,9f1c1355-3522-4680-8ff4-0d5667f48aec,1.7939562767764552,Mendes do Oeste,BUSY,Cum eveniet.,109,9,86,0.4743491324061322,Ceará,Amapá,Moura,210.94.151.97,31.452973511771944,INBOUND,Mozilla/5.0 (Windows NT 4.0; byn-ER; rv:1.9.1.20) Gecko/2010-01-31 03:01:47 Firefox/3.8
2024-03-01 21:08:59,0ef92efd-c064-4f6b-8485-2b79bedc884f,3.305252952833022,Carvalho,FAILED,At nam voluptatibus.,96,6,26,1.6918275597027572,Paraíba,Maranhão,da Cruz,123.244.237.6,16.99971951545683,INBOUND,Opera/8.10.(X11; Linux i686; nr-ZA) Presto/2.9.167 Version/11.00
2023-12-22 13:59:45,82a99033-39d1-4a05-a301-f39b9d2fa3c9,0.6879502877484448,da Conceição,ANSWERED,Ipsum ipsum aperiam.,169,10,24,0.541659961169318,São Paulo,Goiás,da Mota de Goiás,43.63.48.125,24.854487079281657,INBOUND,"Mozilla/5.0 (Windows NT 10.0) AppleWebKit/533.1 (KHTML, like Gecko) Chrome/56.0.864.0 Safari/533.1"
2020-04-15 06:14:51,23b7c4ca-5958-4e4e-b16d-5626e08d356c,2.127380416049271,Almeida do Galho,FAILED,Assumenda modi.,232,9,94,1.0849197145775673,Rio de Janeiro,Amapá,Moura,98.51.75.3,45.030304398039206,OUTBOUND,Mozilla/5.0 (compatible; MSIE 7.0; Windows 95; Trident/5.1)
2022-09-08 07:29:25,c7a6232c-779d-47b3-a4d7-56c8f1c57481,1.3948587448466563,Nogueira Verde,NO ANSWER,Fugiat pariatur.,101,5,64,0.1819649399640097,Amazonas,Maranhão,Rezende,218.188.52.106,9.517826959529053,INBOUND,"Mozilla/5.0 (iPhone; CPU iPhone OS 7_1_2 like Mac OS X) AppleWebKit/535.0 (KHTML, like Gecko) CriOS/30.0.847.0 Mobile/97T860 Safari/535.0"
2020-07-07 07:46:36,17d324e1-c21e-4810-bf9a-95d486c8c82d,1.4376008795196715,Campos,ANSWERED,Qui dicta saepe.,204,6,93,0.5211832508637103,São Paulo,Espírito Santo,Cardoso,87.124.91.40,18.831405940393235,INBOUND,"Mozilla/5.0 (Macintosh; PPC Mac OS X 10_8_8 rv:4.0; hr-HR) AppleWebKit/534.17.6 (KHTML, like Gecko) Version/5.0 Safari/534.17.6"
2020-06-01 12:55:15,1f58932d-7b84-40ab-b21d-ddb8063ecfc9,4.4562088261110935,Dias Paulista,NO ANSWER,Recusandae quam.,242,9,61,1.439373605179571,Distrito Federal,Goiás,Fernandes,196.35.118.0,18.31767779078202,OUTBOUND,"Mozilla/5.0 (Macintosh; U; PPC Mac OS X 10_12_2) AppleWebKit/532.1 (KHTML, like Gecko) Chrome/48.0.897.0 Safari/532.1"
2020-10-16 14:18:23,e9a54e83-8c3f-4799-9e80-92bb76b40179,2.0778645325656733,Costa,BUSY,Ducimus enim vero.,160,7,29,0.46515020598085133,Paraná,Pernambuco,Nascimento,68.121.179.8,28.203104798637142,OUTBOUND,Opera/9.39.(Windows NT 5.1; fi-FI) Presto/2.9.173 Version/12.00
2023-09-05 09:59:41,254d6c69-52c3-4975-8d0a-ce234e3aa1e8,2.183327340984149,da Cruz de Minas,NO ANSWER,Facilis quos.,44,10,38,1.8267972217063093,Santa Catarina,Acre,da Cruz Grande,7.137.154.206,16.95581059900038,INBOUND,"Mozilla/5.0 (Windows NT 5.1) AppleWebKit/535.1 (KHTML, like Gecko) Chrome/42.0.869.0 Safari/535.1"
2022-02-28 04:18:39,11d9c19e-9fca-4b48-aabe-e908fdd8f5e1,0.5297227431032664,Cardoso da Praia,ANSWERED,Nihil explicabo.,242,4,80,1.3144743941846477,Sergipe,Minas Gerais,Monteiro,67.147.214.43,5.3914236997438,INBOUND,"Mozilla/5.0 (iPod; U; CPU iPhone OS 3_3 like Mac OS X; de-LI) AppleWebKit/533.39.1 (KHTML, like Gecko) Version/3.0.5 Mobile/8B116 Safari/6533.39.1"
2021-07-04 15:29:53,3c629134-b19d-4264-9367-2299fa1529fc,0.5814362544299276,da Rosa,NO ANSWER,Provident eaque.,253,2,59,0.6313674589793329,Pernambuco,Minas Gerais,da Costa,134.112.20.243,3.5882720682811513,INBOUND,Opera/8.74.(X11; Linux x86_64; ur-IN) Presto/2.9.161 Version/12.00
2022-06-25 02:01:40,88625779-0082-407b-8e65-99143f25e557,0.7673112916026147,Pires,NO ANSWER,Ut iure aperiam.,44,1,27,1.557582946423931,Rondônia,Paraná,Cunha de Farias,76.157.8.182,45.757896986874314,INBOUND,Opera/9.15.(Windows NT 10.0; fil-PH) Presto/2.9.170 Version/11.00
2022-03-29 15:33:39,4df91f72-6c2e-4317-a24a-62fc77ef2a95,1.9872325575892889,Campos,FAILED,Possimus sint.,34,2,80,1.1457239137814774,Piauí,Acre,da Paz do Sul,91.122.226.232,24.715551798617998,INBOUND,"Mozilla/5.0 (iPad; CPU iPad OS 4_2_1 like Mac OS X) AppleWebKit/533.0 (KHTML, like Gecko) FxiOS/13.8p9653.0 Mobile/11T989 Safari/533.0"
2024-03-27 07:04:55,ef9011e4-9038-47a0-87e8-eccc210086bc,2.072776415223208,da Rosa dos Dourados,FAILED,Magnam.,164,6,78,0.41147255663067434,Alagoas,Paraná,das Neves,86.196.217.172,19.670970619541613,INBOUND,"Mozilla/5.0 (Linux; Android 4.0.1) AppleWebKit/532.1 (KHTML, like Gecko) Chrome/48.0.890.0 Safari/532.1"
2020-05-03 00:20:00,43162f76-660d-4040-a8b7-35b582ca0585,4.745573730359822,Viana,FAILED,Harum totam.,173,2,22,1.6178003372313219,Rio de Janeiro,Roraima,Gomes de Aragão,139.4.171.161,24.94867892328054,OUTBOUND,"Mozilla/5.0 (Windows NT 5.1) AppleWebKit/536.0 (KHTML, like Gecko) Chrome/15.0.887.0 Safari/536.0"
2021-06-14 14:29:54,6b6f872f-2ca0-43be-b383-29b3302ce079,4.559470244596211,da Mota,NO ANSWER,At officia.,300,3,50,0.2950565433147963,Tocantins,Amapá,Gonçalves de Cardoso,182.42.171.141,45.28091523017564,OUTBOUND,"Mozilla/5.0 (iPhone; CPU iPhone OS 10_3_4 like Mac OS X) AppleWebKit/535.0 (KHTML, like Gecko) FxiOS/9.2q0264.0 Mobile/22W005 Safari/535.0"
2023-05-27 10:37:45,4876fab5-80cf-4e00-b5e3-1b2d515d646f,2.9191735342272844,Cardoso Alegre,NO ANSWER,Temporibus harum.,33,9,78,1.1767505741160444,Mato Grosso do Sul,Pernambuco,Rezende,87.32.25.25,43.18948660018643,INBOUND,"Mozilla/5.0 (Macintosh; Intel Mac OS X 10_8_5 rv:2.0; mr-IN) AppleWebKit/535.33.6 (KHTML, like Gecko) Version/5.0.1 Safari/535.33.6"
2021-01-10 11:04:57,7edfd573-6a85-4714-91b2-42eddfc6b5e6,4.714255122607314,Carvalho de da Paz,BUSY,Beatae velit.,92,9,47,1.2145066480670998,Sergipe,Rondônia,Freitas,117.61.23.99,46.90790261652945,OUTBOUND,"Mozilla/5.0 (X11; Linux i686) AppleWebKit/534.0 (KHTML, like Gecko) Chrome/28.0.840.0 Safari/534.0"
2023-01-11 04:47:31,3cd53cbe-de9a-4e4d-9bc5-cd0fe49ae6d1,0.7139959901236582,Souza da Praia,NO ANSWER,Id omnis voluptate.,267,3,59,0.34782784233749553,Mato Grosso do Sul,Distrito Federal,Cardoso de Rezende,173.197.25.229,48.114741545262724,OUTBOUND,Mozilla/5.0 (X11; Linux x86_64; rv:1.9.6.20) Gecko/2016-03-05 21:01:02 Firefox/3.6.2
2024-04-28 15:15:06,911178e8-3599-4157-9dbd-61bf7b3a7807,2.9934831991198805,Nogueira Alegre,FAILED,Maiores totam enim.,266,5,25,0.6526071749685628,São Paulo,Amazonas,Moraes das Pedras,216.128.4.57,5.3223956305621485,OUTBOUND,Opera/9.72.(X11; Linux i686; si-LK) Presto/2.9.169 Version/11.00
2023-12-01 10:25:18,462431a8-e033-4bd1-8b5b-3ddbae92591e,0.20320387677368326,Martins Verde,ANSWERED,Quasi tempora rem.,268,7,89,1.6483929929271017,Amapá,Minas Gerais,Souza dos Dourados,178.106.6.35,2.4677016664961284,OUTBOUND,"Mozilla/5.0 (Windows; U; Windows 98; Win 9x 4.90) AppleWebKit/532.18.6 (KHTML, like Gecko) Version/4.1 Safari/532.18.6"
2021-08-20 00:24:03,75d80aa7-a004-4f4e-93ba-a579618e424d,2.38657826053209,da Mota de Moreira,BUSY,Illo sequi eligendi.,40,1,4,1.7600145357580232,Goiás,Rondônia,da Rocha,1.163.222.59,1.901520124434513,INBOUND,"Mozilla/5.0 (Windows 98) AppleWebKit/535.0 (KHTML, like Gecko) Chrome/54.0.810.0 Safari/535.0"
2021-12-19 07:53:50,0bb7dab2-3d3a-4f46-b927-a1bdcc2ec86c,4.131891379573503,da Cunha,BUSY,Aspernatur quod in.,261,5,41,0.8819722318683322,Paraná,Distrito Federal,Mendes de da Rosa,193.137.48.100,16.559976494510842,INBOUND,"Mozilla/5.0 (iPad; CPU iPad OS 10_3_3 like Mac OS X) AppleWebKit/533.2 (KHTML, like Gecko) CriOS/26.0.857.0 Mobile/39H861 Safari/533.2"
2022-05-31 04:00:22,e0c8cea6-6bfa-48c9-8a54-20ead2643a27,1.1055919651152653,Moreira de Silveira,FAILED,Odio ratione.,251,8,64,1.1809095751119165,Rio Grande do Sul,Ceará,Nunes Alegre,32.39.238.182,1.5148569942201464,OUTBOUND,"Mozilla/5.0 (iPhone; CPU iPhone OS 9_3_6 like Mac OS X) AppleWebKit/534.0 (KHTML, like Gecko) CriOS/28.0.860.0 Mobile/69Q711 Safari/534.0"
2021-06-06 16:51:34,59e86cef-3685-475c-8194-d963f53522cf,0.4754576793470675,Fernandes,FAILED,Quod quae.,167,5,88,0.2561559109320452,Rio Grande do Norte,Amazonas,da Mota de da Paz,74.182.77.42,46.51765623034496,INBOUND,"Mozilla/5.0 (Linux; Android 2.2) AppleWebKit/533.1 (KHTML, like Gecko) Chrome/47.0.882.0 Safari/533.1"
2023-09-16 07:27:15,1bdf8b9b-958c-4bc0-8925-202c45e9feb0,0.6240055759757799,da Rocha,NO ANSWER,Dolor tempore.,8,9,30,1.0525930728035338,Maranhão,Tocantins,Ferreira do Norte,201.82.122.34,48.48319021275328,INBOUND,"Mozilla/5.0 (Linux; Android 3.2.3) AppleWebKit/532.0 (KHTML, like Gecko) Chrome/50.0.803.0 Safari/532.0"
2020-10-10 17:23:53,b28a6e5f-48ed-4b12-ac56-9f8e3eb284a0,3.6637060331468265,da Rosa do Sul,FAILED,In nesciunt vel at.,277,6,71,1.929730426992201,Paraíba,Piauí,Freitas,64.90.196.191,40.97410958063279,OUTBOUND,Mozilla/5.0 (Macintosh; U; PPC Mac OS X 10_10_6; rv:1.9.6.20) Gecko/2020-09-24 09:49:47 Firefox/15.0
2022-02-15 11:07:31,2fa2ad75-8354-4cff-847c-8e5df3c1a6f7,3.41412991903877,Costela das Flores,ANSWERED,Omnis optio.,62,10,40,0.06806223600507813,Pernambuco,Ceará,Duarte,72.1.13.88,28.68834291037244,OUTBOUND,Mozilla/5.0 (compatible; MSIE 9.0; Windows 95; Trident/3.1)
2023-05-11 16:18:26,6ad907b8-09ad-40e2-948b-db27ea940553,2.525423394042061,Sales,NO ANSWER,Alias eius dolore.,132,1,92,0.8381612391198141,Bahia,Mato Grosso do Sul,da Rosa,165.144.151.143,43.116929573861306,INBOUND,"Mozilla/5.0 (Macintosh; PPC Mac OS X 10_7_1 rv:5.0; tl-PH) AppleWebKit/532.26.4 (KHTML, like Gecko) Version/4.0 Safari/532.26.4"
2024-05-02 16:35:23,7d95bc40-6752-4768-8c49-7147a5effa91,1.4118651499116,Monteiro,BUSY,Voluptatibus alias.,236,6,47,0.2812245744802977,Pernambuco,Espírito Santo,Almeida de Peixoto,7.185.114.76,44.54691691386008,OUTBOUND,Mozilla/5.0 (Windows 98; ln-CD; rv:1.9.0.20) Gecko/2021-01-10 19:54:47 Firefox/6.0
2021-06-19 20:40:24,09d80aaf-9ca4-4634-8d55-66ec53e3432a,3.1596276491662616,Freitas,NO ANSWER,Libero et nesciunt.,157,7,47,0.1692253791764305,Rio Grande do Norte,Maranhão,Alves,14.120.109.6,35.29587783112266,INBOUND,Mozilla/5.0 (compatible; MSIE 5.0; Windows NT 6.0; Trident/4.0)
2021-04-06 02:10:08,52341282-717d-4ce4-9276-97a72b1f94da,0.6323002528273717,da Rocha,NO ANSWER,Quas molestias.,25,2,7,1.672628374164571,Espírito Santo,Rio Grande do Sul,Melo do Amparo,115.114.254.1,24.197054301474676,OUTBOUND,"Mozilla/5.0 (iPod; U; CPU iPhone OS 3_3 like Mac OS X; tk-TM) AppleWebKit/531.20.3 (KHTML, like Gecko) Version/4.0.5 Mobile/8B115 Safari/6531.20.3"
2021-03-13 22:02:31,142ea1fc-bb0e-4983-97ad-097514e9fe10,2.738235519399562,Peixoto do Galho,ANSWERED,Nostrum nam tempora.,28,3,77,0.6869457080894366,Acre,Mato Grosso do Sul,Peixoto de Moreira,215.51.238.66,6.262602003426995,OUTBOUND,"Mozilla/5.0 (iPod; U; CPU iPhone OS 3_2 like Mac OS X; sc-IT) AppleWebKit/533.11.5 (KHTML, like Gecko) Version/4.0.5 Mobile/8B111 Safari/6533.11.5"
2021-10-23 21:50:16,db1a5564-1e00-4a89-ba1c-bd631ef73224,4.6610796190931785,Costa,ANSWERED,Accusamus tempore.,295,10,34,1.5704731549051287,Paraná,Ceará,da Mota do Norte,185.216.70.171,44.879831961971554,INBOUND,Mozilla/5.0 (compatible; MSIE 9.0; Windows NT 5.2; Trident/3.0)
2024-04-06 05:19:10,9e72e7dd-ea19-4689-8d89-ab7c8fc14671,3.635205307869115,Ramos das Pedras,ANSWERED,Et asperiores.,75,3,76,0.652394958522678,Rondônia,Acre,Fogaça de da Cruz,186.32.224.230,49.4957482243595,OUTBOUND,Mozilla/5.0 (compatible; MSIE 7.0; Windows NT 4.0; Trident/3.0)
2022-10-02 14:43:00,2af4e038-03b2-4152-accc-262d02edfd44,4.573909225985447,Peixoto da Prata,FAILED,Officiis impedit.,225,5,80,1.9485694170528927,Distrito Federal,Amazonas,da Mata,217.73.156.58,6.201576036149347,INBOUND,Mozilla/5.0 (X11; Linux i686; rv:1.9.7.20) Gecko/2016-12-01 19:25:40 Firefox/12.0
2024-01-03 08:11:49,6dee46c6-ae77-465c-9f84-6f5e710dee9d,2.9842226835986865,da Cruz,NO ANSWER,Dolorum fuga quis.,155,7,66,0.16720139459156627,Espírito Santo,Ceará,Moreira do Oeste,100.241.174.100,31.713774984854602,OUTBOUND,"Mozilla/5.0 (iPod; U; CPU iPhone OS 3_2 like Mac OS X; nds-NL) AppleWebKit/531.46.7 (KHTML, like Gecko) Version/4.0.5 Mobile/8B115 Safari/6531.46.7"
2021-10-06 05:38:23,31afdbb7-f004-4495-8a07-05bcc78828d5,4.502245132114018,Rodrigues Alegre,BUSY,Consequuntur sequi.,228,5,88,1.880950276629709,Paraná,Acre,Nascimento,142.195.126.88,43.34828042021844,INBOUND,"Mozilla/5.0 (iPod; U; CPU iPhone OS 3_2 like Mac OS X; yi-US) AppleWebKit/535.44.6 (KHTML, like Gecko) Version/4.0.5 Mobile/8B117 Safari/6535.44.6"
2021-09-29 20:50:20,e7d65657-4e5d-4dfc-b03e-0725ec122c78,2.2367234730907826,Pires do Amparo,BUSY,Laborum officia sed.,138,1,22,0.6277456552043497,Bahia,Paraíba,da Luz,217.52.240.95,39.51275731906143,OUTBOUND,"Mozilla/5.0 (Windows NT 5.0) AppleWebKit/531.0 (KHTML, like Gecko) Chrome/18.0.839.0 Safari/531.0"
2022-12-04 08:24:56,771b4370-f061-4ca8-b33a-3174f804f162,3.944176686879346,Viana,BUSY,Accusamus tenetur.,41,2,69,1.4667163490048063,Maranhão,Acre,Duarte de Ramos,146.252.247.254,24.62643726796195,INBOUND,"Mozilla/5.0 (Macintosh; U; PPC Mac OS X 10_9_8) AppleWebKit/533.2 (KHTML, like Gecko) Chrome/25.0.893.0 Safari/533.2"
2022-08-10 18:32:16,316d4dd1-82b9-47e8-b4fe-0c8d5df84559,1.4988382398753857,da Conceição,BUSY,Aliquam facilis.,218,9,56,0.995143699791792,Acre,Ceará,Cardoso,107.188.254.156,27.80318141773826,INBOUND,"Mozilla/5.0 (Macintosh; U; Intel Mac OS X 10_6_7 rv:2.0; iw-IL) AppleWebKit/533.44.5 (KHTML, like Gecko) Version/4.0.1 Safari/533.44.5"
2023-04-29 08:39:14,fa522a61-7644-4ca4-8bb2-80808825d701,3.7432574921230626,Ribeiro,ANSWERED,Numquam voluptatem.,98,4,58,0.8187879195431582,Mato Grosso do Sul,Goiás,Aragão do Oeste,81.23.101.227,8.407156657767025,OUTBOUND,Mozilla/5.0 (compatible; MSIE 8.0; Windows NT 10.0; Trident/4.0)
2023-05-20 13:57:13,583a6975-7f35-459d-ac36-5f0af6da2dc2,1.0181214670495984,Nascimento de Farias,NO ANSWER,Accusantium iusto.,175,9,24,0.564373515080276,Tocantins,Rio Grande do Norte,Souza,95.97.187.54,35.54273966918467,OUTBOUND,Mozilla/5.0 (compatible; MSIE 7.0; Windows 95; Trident/4.1)
2021-01-10 23:16:30,b76c40f7-892b-4ca7-b62e-9a857b6eb2a5,0.16374833593101795,Nunes do Campo,BUSY,Inventore beatae.,265,9,25,0.7517900067328377,Minas Gerais,Rio Grande do Norte,Dias do Sul,115.206.179.72,17.12632782696785,INBOUND,Mozilla/5.0 (compatible; MSIE 8.0; Windows NT 5.2; Trident/4.0)
2023-06-19 22:49:18,ac3aaaa1-a7ef-4883-a99b-82c050190f8b,0.523473358314114,Azevedo,ANSWERED,Esse pariatur.,85,10,36,1.695555882693572,São Paulo,Distrito Federal,Pereira,223.54.156.218,8.198368059683398,INBOUND,Opera/9.78.(Windows NT 6.0; nl-BE) Presto/2.9.190 Version/12.00
