calldate,clid,codec,destination,duration,duration2,prefix,price_per_minute,region,region2,source,source_ip,total_price,type,type2,useragent
2020-06-16 23:21:03,6862ffe4-9631-4cb7-affb-5c5cfb1e97c0,flac,Moreira das Pedras,132,205,55,1.3563807973777071,Rio de Janeiro,Alagoas,da Conceição,133.215.133.161,6.517429739777423,OUTBOUND,OUTBOUND,Mozilla/5.0 (compatible; MSIE 5.0; Windows 98; Trident/5.0)
2021-09-18 06:30:05,3eeca631-b110-485d-a105-e893de23c72e,mp3,Araújo do Amparo,109,160,29,0.9574148254552706,Paraná,Paraíba,Costela,170.223.143.190,16.941207357752482,INBOUND,INBOUND,"Mozilla/5.0 (Macintosh; U; Intel Mac OS X 10_7_5) AppleWebKit/532.1 (KHTML, like Gecko) Chrome/33.0.852.0 Safari/532.1"
2024-04-10 01:29:03,f5261854-79cb-46e7-b29d-6c65ad13470b,wav,Nunes de Rezende,151,244,27,0.18517076567463314,Mato Grosso,Minas Gerais,Dias do Galho,114.6.241.170,19.386913359484595,OUTBOUND,INBOUND,"Mozilla/5.0 (Windows 98) AppleWebKit/534.1 (KHTML, like Gecko) Chrome/16.0.877.0 Safari/534.1"
2021-08-19 20:17:36,4bf4c7bc-bdb0-499e-b0e1-cb28467cf1eb,mp3,Martins do Amparo,232,263,38,0.8407625804582967,Acre,Alagoas,Moraes do Amparo,207.153.56.233,4.417151031461113,INBOUND,INBOUND,Mozilla/5.0 (Windows NT 4.0; brx-IN; rv:1.9.1.20) Gecko/2018-09-15 04:07:34 Firefox/3.6.2
2023-10-20 21:58:07,0da509d6-53f8-4ac3-a527-188ce572a154,wav,Peixoto da Mata,185,20,19,0.5728416322559469,Rio Grande do Norte,Distrito Federal,da Mata Paulista,223.0.250.45,10.872080491689061,OUTBOUND,INBOUND,Mozilla/5.0 (X11; Linux i686; rv:1.9.5.20) Gecko/2021-02-19 10:12:48 Firefox/3.8
2023-10-14 19:35:10,705ac646-6f84-4f0b-ba59-8838ded660c3,mp3,Ribeiro Paulista,24,255,38,1.1781516343333582,Acre,São Paulo,da Paz da Mata,162.214.24.190,35.810229306382396,OUTBOUND,OUTBOUND,"Mozilla/5.0 (Linux; Android 3.2.6) AppleWebKit/531.1 (KHTML, like Gecko) Chrome/58.0.890.0 Safari/531.1"
2023-09-22 18:21:38,890a9fb7-914c-4d76-884a-bad9c44ec5a6,flac,Silveira do Sul,290,67,5,1.657264214222474,São Paulo,Pará,Aragão Verde,167.13.114.251,2.623894857139203,INBOUND,INBOUND,"Mozilla/5.0 (Macintosh; PPC Mac OS X 10_6_2) AppleWebKit/535.2 (KHTML, like Gecko) Chrome/25.0.861.0 Safari/535.2"
2021-09-29 17:31:00,c5e8159a-3ad4-4401-af15-ae5e83b4925c,flac,Costela do Sul,84,81,5,1.293040510999193,Acre,Espírito Santo,Correia,15.142.154.178,34.088502827627124,OUTBOUND,OUTBOUND,Mozilla/5.0 (Android 4.0.3; Mobile; rv:25.0) Gecko/25.0 Firefox/25.0
2022-05-03 14:16:09,617c8713-7b35-41f5-8681-fd75e10de245,flac,da Costa do Galho,206,142,99,1.988446370733473,Mato Grosso,Tocantins,da Rocha das Flores,32.212.10.186,5.969078274907069,INBOUND,INBOUND,Mozilla/5.0 (Macintosh; U; Intel Mac OS X 10_5_2; rv:1.9.6.20) Gecko/2016-04-21 21:01:02 Firefox/3.6.16
2020-07-08 03:42:10,9e8d3c7d-b3b8-4528-ab4e-99b7d825f99a,mp3,da Cunha da Prata,56,192,47,0.3694531747162936,Bahia,São Paulo,Ramos de Monteiro,44.172.110.240,30.905354156514978,OUTBOUND,OUTBOUND,Opera/9.86.(Windows NT 6.0; ko-KR) Presto/2.9.175 Version/12.00
2020-11-09 22:50:56,dba76c13-a6b1-493b-b573-8d247e610615,wav,Almeida de Nogueira,14,277,58,0.32302629286217815,Acre,Alagoas,Barros,4.13.252.142,12.751686248436215,INBOUND,OUTBOUND,"Mozilla/5.0 (Windows; U; Windows 95) AppleWebKit/532.17.1 (KHTML, like Gecko) Version/5.0 Safari/532.17.1"
2023-08-08 22:53:47,5f0ab805-7c87-424a-aa1f-4115053e3b69,wav,Rezende do Oeste,90,38,93,0.200144022480999,Amapá,Bahia,Melo,24.247.134.91,10.493041256625744,INBOUND,INBOUND,Opera/9.14.(Windows NT 5.2; kw-GB) Presto/2.9.181 Version/11.00
2020-09-11 02:38:50,478d0822-61a6-4972-aa87-7b167c635faa,wav,Correia do Campo,173,174,87,1.683807399118327,Pernambuco,Mato Grosso do Sul,Gonçalves Grande,73.1.56.64,43.903526412728745,OUTBOUND,INBOUND,Mozilla/5.0 (Android 2.2.2; Mobile; rv:67.0) Gecko/67.0 Firefox/67.0
2021-12-18 18:55:58,fe9de34e-7b98-403f-ac65-29252495fbb7,wav,Farias da Mata,292,278,56,1.5582095591534975,Tocantins,Rondônia,Fernandes,21.79.155.79,42.65705214277317,INBOUND,INBOUND,Mozilla/5.0 (Windows NT 6.2; yo-NG; rv:1.9.0.20) Gecko/2021-03-27 18:49:52 Firefox/6.0
2020-07-10 21:47:17,8a6ee19c-9f65-492c-8fbc-01f5b6e04455,mp3,Vieira Alegre,25,45,12,1.2353336895215163,Tocantins,Roraima,Nunes,144.19.68.122,35.33714161923334,OUTBOUND,INBOUND,Mozilla/5.0 (compatible; MSIE 8.0; Windows NT 5.2; Trident/4.1)
2020-10-02 09:39:11,e7bfaf5e-baf6-43b2-9bc8-765741c8de2e,wav,Cunha de Nascimento,121,250,22,1.2697590772947647,Ceará,Bahia,Castro,67.164.59.18,40.30262348161319,OUTBOUND,OUTBOUND,"Mozilla/5.0 (Macintosh; Intel Mac OS X 10_7_1 rv:3.0; ast-ES) AppleWebKit/533.21.2 (KHTML, like Gecko) Version/5.1 Safari/533.21.2"
2020-07-08 18:07:56,1557d3f1-5be4-4008-97e8-def52bdb058d,mp3,Melo,146,141,48,1.7475027848126374,Santa Catarina,Minas Gerais,Barbosa,187.97.83.218,13.918180129259682,INBOUND,INBOUND,"Mozilla/5.0 (iPhone; CPU iPhone OS 12_4_8 like Mac OS X) AppleWebKit/531.0 (KHTML, like Gecko) FxiOS/13.1z9167.0 Mobile/81U277 Safari/531.0"
2024-04-16 20:01:36,24d41586-2635-4f0c-9626-778d3554b69e,flac,Cardoso Verde,110,109,50,1.788501869623898,Santa Catarina,Rio de Janeiro,Nunes da Praia,136.38.215.164,47.04201158865225,OUTBOUND,OUTBOUND,"Mozilla/5.0 (iPod; U; CPU iPhone OS 4_3 like Mac OS X; bs-BA) AppleWebKit/532.21.2 (KHTML, like Gecko) Version/4.0.5 Mobile/8B119 Safari/6532.21.2"
2020-12-11 20:07:24,3d686f6d-45b2-4ec3-8e01-a32777e1c200,wav,Lima do Amparo,213,59,33,0.16081398155683702,Goiás,Paraíba,Cunha,9.97.177.162,31.342869964890696,OUTBOUND,INBOUND,"Mozilla/5.0 (iPhone; CPU iPhone OS 3_1_3 like Mac OS X) AppleWebKit/531.1 (KHTML, like Gecko) FxiOS/15.0d8137.0 Mobile/89X763 Safari/531.1"
2020-09-28 01:32:45,7146e175-604e-4062-9df1-f7e0ff99741f,flac,Nunes,137,180,80,1.3652231668508163,Pernambuco,Bahia,Martins Verde,167.84.183.140,46.458661607724366,OUTBOUND,INBOUND,"Mozilla/5.0 (iPhone; CPU iPhone OS 6_1_6 like Mac OS X) AppleWebKit/532.2 (KHTML, like Gecko) FxiOS/15.9n7464.0 Mobile/93W391 Safari/532.2"
2022-02-03 15:19:29,67c5b221-a8ef-419a-b1ea-c3ac7e0af106,mp3,Nascimento,191,149,34,0.5123910941321773,Piauí,Mato Grosso,Carvalho Verde,159.220.17.212,2.7377258416774466,INBOUND,INBOUND,Opera/8.19.(X11; Linux x86_64; fr-CH) Presto/2.9.161 Version/10.00
2024-03-26 17:44:23,8734f7f5-e290-4add-82cc-74fa48b1dd1e,flac,Rezende,7,12,89,0.832773686153479,Santa Catarina,Amazonas,Santos,212.67.248.132,47.94137463961491,INBOUND,INBOUND,Opera/8.48.(X11; Linux x86_64; sq-AL) Presto/2.9.166 Version/10.00
2021-07-12 13:07:05,31eea101-69b9-46a0-a684-91e9cb2e5139,mp3,Gonçalves de Minas,219,295,84,1.9414031725669663,Sergipe,Rio de Janeiro,Teixeira das Flores,144.139.169.26,10.593936897962571,INBOUND,OUTBOUND,Mozilla/5.0 (compatible; MSIE 7.0; Windows NT 4.0; Trident/4.1)
2020-09-30 17:42:26,36fe389c-23cc-4c45-94db-d246b7d692a4,wav,Costa de Minas,227,11,39,0.9530441177877464,Espírito Santo,Piauí,Silveira,105.148.96.245,38.00530550170792,OUTBOUND,INBOUND,Mozilla/5.0 (Android 3.0; Mobile; rv:34.0) Gecko/34.0 Firefox/34.0
2021-08-06 12:40:19,add7d58e-596d-4859-a839-c6a8036b6895,mp3,Alves,93,129,62,1.1505063146226937,Rio Grande do Norte,Mato Grosso do Sul,Correia do Sul,123.193.204.154,4.94926953376828,OUTBOUND,OUTBOUND,Opera/8.44.(Windows NT 6.0; da-DK) Presto/2.9.163 Version/12.00
2023-01-21 01:10:58,1ff1c84f-639e-4f5e-bf8f-b1926caf7e40,wav,Souza de da Costa,59,130,90,1.699179317852316,Espírito Santo,Sergipe,Costela da Mata,183.235.213.65,17.037551444150854,INBOUND,OUTBOUND,"Mozilla/5.0 (iPhone; CPU iPhone OS 7_1_2 like Mac OS X) AppleWebKit/532.1 (KHTML, like Gecko) CriOS/63.0.895.0 Mobile/38K294 Safari/532.1"
2022-09-07 02:49:21,c978f79a-f659-42f6-9300-1709f2b48864,flac,Ramos do Norte,127,187,8,1.3691279293588028,Rio Grande do Norte,Ceará,da Cruz,187.124.176.210,11.960930325077774,OUTBOUND,OUTBOUND,Mozilla/5.0 (compatible; MSIE 8.0; Windows NT 5.1; Trident/5.0)
2022-08-23 14:40:22,b9b8928d-f3be-4da9-a39c-cb62c5f04497,wav,Nascimento de Goiás,292,297,1,1.3753965114572948,Rio Grande do Norte,Amapá,Dias de Costa,63.64.218.111,28.805551075539597,OUTBOUND,INBOUND,Mozilla/5.0 (compatible; MSIE 7.0; Windows NT 5.2; Trident/4.0)
2023-12-10 11:30:25,8bc06d88-32e9-4fd2-a511-6ac3b610bf80,flac,das Neves,254,122,81,1.082002393809046,Rio Grande do Sul,Rio Grande do Sul,Porto,160.50.152.91,6.124052774483841,OUTBOUND,INBOUND,"Mozilla/5.0 (Windows; U; Windows NT 4.0) AppleWebKit/535.33.2 (KHTML, like Gecko) Version/5.0 Safari/535.33.2"
2021-03-31 11:43:33,18383862-102c-4706-9224-9f1e34fa7d61,wav,Teixeira,41,191,53,1.6862712248095266,Mato Grosso,Paraná,Cunha de Freitas,208.69.243.63,19.478530523061526,INBOUND,INBOUND,"Mozilla/5.0 (Macintosh; U; Intel Mac OS X 10_8_5 rv:5.0; ne-NP) AppleWebKit/532.9.2 (KHTML, like Gecko) Version/5.1 Safari/532.9.2"
2021-01-13 09:03:45,452b8b00-4101-4303-8605-3a18e55a8954,wav,da Luz do Amparo,71,240,59,0.4085004795075402,Amapá,Bahia,da Paz de Goiás,185.136.236.30,34.008244024376786,OUTBOUND,INBOUND,"Mozilla/5.0 (Macintosh; U; Intel Mac OS X 10_7_0 rv:5.0; wae-CH) AppleWebKit/531.3.1 (KHTML, like Gecko) Version/4.0.3 Safari/531.3.1"
2021-09-12 04:03:10,2f6c590b-d5af-47cd-bea3-bf40563192c5,flac,Porto,84,26,36,0.11717842107178483,Roraima,Paraná,Alves,80.63.200.210,22.944711985379808,OUTBOUND,OUTBOUND,"Mozilla/5.0 (iPad; CPU iPad OS 12_4_8 like Mac OS X) AppleWebKit/536.0 (KHTML, like Gecko) CriOS/19.0.805.0 Mobile/00S851 Safari/536.0"
2021-06-22 00:17:45,ece667e7-5036-4e57-9f76-82d1a2590c45,mp3,Almeida de da Paz,60,155,79,0.6558713517295763,Pará,Piauí,Peixoto,180.164.132.203,38.71509549556035,INBOUND,OUTBOUND,"Mozilla/5.0 (Windows; U; Windows 98; Win 9x 4.90) AppleWebKit/532.7.6 (KHTML, like Gecko) Version/5.0 Safari/532.7.6"
2022-04-28 07:14:46,4665358a-31b5-4679-9ce4-ca680645b4c9,wav,Moura,198,73,84,1.0809873078764953,Acre,Roraima,Barbosa da Mata,217.35.131.137,49.142673570838454,OUTBOUND,INBOUND,Opera/9.78.(Windows NT 6.2; iw-IL) Presto/2.9.162 Version/11.00
2023-09-18 04:30:28,b55e7c32-9e54-439c-916f-e76ff9cac1d0,mp3,Freitas dos Dourados,202,118,64,1.3449905232996113,Roraima,Piauí,Jesus dos Dourados,24.134.112.191,35.66052524363425,INBOUND,OUTBOUND,"Mozilla/5.0 (Windows; U; Windows NT 5.0) AppleWebKit/535.18.1 (KHTML, like Gecko) Version/5.1 Safari/535.18.1"
2023-02-09 04:54:46,28174fe3-8084-4df3-8f2b-502875fba6a8,wav,Pires,127,71,64,1.302047476440234,Distrito Federal,Alagoas,Moura,119.83.132.172,5.8063592639621096,INBOUND,INBOUND,Opera/9.87.(X11; Linux x86_64; hne-IN) Presto/2.9.164 Version/10.00
2021-12-07 19:25:50,b4984822-5912-4e27-a9ce-53b9dec8cdd3,flac,da Mota da Mata,18,250,70,1.6578869658408013,Maranhão,Distrito Federal,Alves,112.68.29.118,27.748860787769214,INBOUND,OUTBOUND,Mozilla/5.0 (Android 4.4.4; Mobile; rv:13.0) Gecko/13.0 Firefox/13.0
2020-06-22 06:43:48,8d02d5d9-3535-4e4f-b568-c2469130955c,mp3,Martins,173,256,42,0.4876264207723018,Rio Grande do Sul,Acre,Fernandes dos Dourados,214.61.161.164,37.165626310824685,INBOUND,OUTBOUND,"Mozilla/5.0 (Windows; U; Windows NT 6.1) AppleWebKit/533.15.4 (KHTML, like Gecko) Version/4.0.2 Safari/533.15.4"
2021-02-15 11:35:47,34d9d682-b4fe-496d-aa47-033116d6f091,wav,Cavalcanti,253,24,13,1.7134368260211124,Amazonas,Pará,Nunes,140.219.222.89,7.123074107396926,INBOUND,INBOUND,"Mozilla/5.0 (X11; Linux x86_64) AppleWebKit/535.1 (KHTML, like Gecko) Chrome/57.0.845.0 Safari/535.1"
2023-02-15 22:04:39,58eefe36-0227-4c16-b455-3588f6768583,mp3,Almeida,152,144,99,0.7224981592267378,Piauí,Bahia,Aragão,21.164.9.233,25.47552724036664,OUTBOUND,INBOUND,Mozilla/5.0 (Android 4.0; Mobile; rv:39.0) Gecko/39.0 Firefox/39.0
2024-05-18 19:23:59,284b3ab9-27d0-4ddb-a958-fcebeaa542b9,flac,Campos,293,235,63,1.344970516550446,Maranhão,Amapá,Melo,201.59.252.10,14.404668126778615,OUTBOUND,OUTBOUND,Mozilla/5.0 (Macintosh; U; Intel Mac OS X 10_9_9; rv:1.9.2.20) Gecko/2021-11-22 20:19:26 Firefox/3.6.11
2021-05-18 03:06:36,cf2af232-b186-4f0a-9cc1-cffedcdfd938,mp3,Cardoso do Sul,101,51,79,1.2127779634144962,Distrito Federal,Ceará,da Cruz dos Dourados,103.240.216.116,19.378958725338165,INBOUND,OUTBOUND,"Mozilla/5.0 (iPod; U; CPU iPhone OS 3_1 like Mac OS X; as-IN) AppleWebKit/531.7.3 (KHTML, like Gecko) Version/4.0.5 Mobile/8B117 Safari/6531.7.3"
2020-07-24 22:00:36,6f67925c-6fb2-476b-b3e6-3aaed9bf0555,mp3,Moraes Alegre,116,252,73,1.5956640551469368,Mato Grosso do Sul,Piauí,Santos,200.94.34.233,46.12371429882189,OUTBOUND,OUTBOUND,"Mozilla/5.0 (Windows NT 10.0) AppleWebKit/535.2 (KHTML, like Gecko) Chrome/15.0.810.0 Safari/535.2"
2022-03-10 00:51:26,e2b92b49-0642-4482-8359-866b6e669ca1,mp3,Pinto,273,204,70,1.1438515300134473,São Paulo,Pernambuco,Oliveira,213.86.168.4,27.761243855259472,OUTBOUND,OUTBOUND,Opera/8.15.(X11; Linux i686; kk-KZ) Presto/2.9.182 Version/12.00
2023-09-30 12:10:53,d90a7ec5-ee19-4acc-88d1-1ea165754fd3,flac,Caldeira,158,204,58,0.5288522028454157,Pará,Maranhão,Novaes,218.235.0.117,29.10102562648869,INBOUND,OUTBOUND,"Mozilla/5.0 (Windows; U; Windows 98) AppleWebKit/533.44.2 (KHTML, like Gecko) Version/5.0.4 Safari/533.44.2"
2020-04-01 17:31:33,95dce6c2-aa92-4f71-b57f-301a6c55a53d,wav,Nascimento Alegre,97,101,38,1.5100380895147152,Mato Grosso,Minas Gerais,Campos das Pedras,170.252.139.210,32.001945153775665,INBOUND,OUTBOUND,Mozilla/5.0 (compatible; MSIE 7.0; Windows NT 4.0; Trident/4.0)
2020-02-24 21:43:05,fd27e5e5-0bda-4f81-9fa2-322ccadfd14b,mp3,Dias,221,77,65,1.5675649800550127,Tocantins,Mato Grosso do Sul,Pinto de Rodrigues,25.187.245.160,35.16434073849603,INBOUND,OUTBOUND,Mozilla/5.0 (compatible; MSIE 6.0; Windows 95; Trident/5.1)
2022-11-19 11:58:18,bcf2a3b5-9eaa-4085-8295-19563e3ab209,flac,Teixeira,58,35,35,1.0777645373729425,Amazonas,Rio Grande do Sul,Fogaça de Castro,87.103.157.208,48.207682124824196,OUTBOUND,OUTBOUND,"Mozilla/5.0 (Windows; U; Windows NT 6.0) AppleWebKit/531.16.1 (KHTML, like Gecko) Version/5.0.5 Safari/531.16.1"
2021-09-09 20:26:23,e68a6be7-94de-43ec-ad83-8bfe96132e3d,mp3,da Conceição do Oeste,182,7,80,0.11882840316275813,Tocantins,Amazonas,Porto,218.240.133.186,34.11650500707474,INBOUND,INBOUND,"Mozilla/5.0 (Windows NT 5.0) AppleWebKit/533.1 (KHTML, like Gecko) Chrome/19.0.827.0 Safari/533.1"
2021-09-08 13:15:08,95c989d5-bdae-42fc-b083-49420706f9da,mp3,Rocha de da Costa,162,1,66,0.7623246831154071,São Paulo,Ceará,da Conceição de Minas,101.213.46.209,41.76881933344569,INBOUND,INBOUND,"Mozilla/5.0 (iPhone; CPU iPhone OS 10_3_4 like Mac OS X) AppleWebKit/535.2 (KHTML, like Gecko) CriOS/36.0.895.0 Mobile/63K927 Safari/535.2"
2024-02-24 10:50:36,f62f1449-719f-44f8-ba15-88ee62a0924a,flac,da Costa,40,300,70,0.2186870696428413,São Paulo,Tocantins,Cavalcanti do Campo,206.85.156.252,2.195700969081224,OUTBOUND,INBOUND,"Mozilla/5.0 (Macintosh; Intel Mac OS X 10_7_7 rv:6.0; gez-ER) AppleWebKit/534.13.1 (KHTML, like Gecko) Version/4.0.2 Safari/534.13.1"
2020-02-13 14:02:11,79ad1d21-7020-4fc1-99f2-cd8f3fa95cad,mp3,Moraes do Sul,298,298,97,0.8784971576593565,Paraná,Santa Catarina,Nogueira,29.218.121.134,19.197564401617278,INBOUND,OUTBOUND,"Mozilla/5.0 (Windows NT 5.1) AppleWebKit/532.0 (KHTML, like Gecko) Chrome/25.0.899.0 Safari/532.0"
2022-01-08 17:15:48,e34f473a-322c-4ccf-9ad9-3fa74a04d41c,wav,Ribeiro das Pedras,264,19,67,0.3315812271944887,Bahia,Distrito Federal,Vieira,38.93.159.150,8.00917392187916,INBOUND,OUTBOUND,"Mozilla/5.0 (Macintosh; Intel Mac OS X 10_10_0 rv:3.0; ja-JP) AppleWebKit/531.36.5 (KHTML, like Gecko) Version/4.0.2 Safari/531.36.5"
2024-04-03 21:47:58,2b6aeb1c-b7bf-41aa-97e7-cfe69686b923,flac,da Cruz da Mata,129,65,20,1.7487805732971524,Minas Gerais,Rondônia,Moura do Norte,199.217.75.189,12.208330161698054,INBOUND,OUTBOUND,"Mozilla/5.0 (Macintosh; U; PPC Mac OS X 10_10_2 rv:6.0; uk-UA) AppleWebKit/534.3.7 (KHTML, like Gecko) Version/4.1 Safari/534.3.7"
2020-10-04 12:15:37,4e6306be-551c-435c-8cc9-a97596d2e7b0,mp3,Oliveira do Campo,113,220,53,1.5937243259876683,Roraima,Rio Grande do Sul,Ramos,75.37.55.227,28.22310499334955,OUTBOUND,OUTBOUND,Mozilla/5.0 (compatible; MSIE 8.0; Windows 95; Trident/4.1)
2021-02-13 10:26:26,481719c2-1a04-4161-9f0c-70cc035051b8,flac,Viana,173,65,90,1.6206749648944283,Rondônia,Bahia,Silveira de Goiás,142.145.138.178,17.03869782720647,OUTBOUND,OUTBOUND,Opera/9.67.(X11; Linux x86_64; sq-AL) Presto/2.9.171 Version/11.00
2022-11-13 00:07:36,1913cc97-049d-4b63-a8af-8746549ef493,flac,Lopes de Silveira,96,204,76,0.4339096350749001,Ceará,Paraná,Rocha,20.125.127.83,34.00868855203431,OUTBOUND,INBOUND,"Mozilla/5.0 (iPod; U; CPU iPhone OS 3_1 like Mac OS X; ig-NG) AppleWebKit/532.50.1 (KHTML, like Gecko) Version/3.0.5 Mobile/8B119 Safari/6532.50.1"
2020-10-07 20:17:51,b8406854-d850-4fe7-a92b-37be1a9a38a1,mp3,Rocha,177,230,1,1.9508777061375986,São Paulo,Goiás,Fogaça dos Dourados,21.198.142.56,41.73909930100228,OUTBOUND,INBOUND,"Mozilla/5.0 (X11; Linux i686) AppleWebKit/533.0 (KHTML, like Gecko) Chrome/25.0.810.0 Safari/533.0"
2022-12-05 03:50:16,0b0eb736-4107-497f-99d0-c31cdc094851,wav,Dias do Norte,98,90,3,0.9574690992867879,Rondônia,Sergipe,Peixoto Paulista,145.97.239.56,25.075045263757623,OUTBOUND,INBOUND,Mozilla/5.0 (Macintosh; PPC Mac OS X 10_5_0; rv:1.9.6.20) Gecko/2012-10-07 08:05:50 Firefox/3.6.14
2022-04-05 22:35:50,44408385-4567-4d5d-af8a-3f81f6230f26,mp3,Rezende Alegre,113,191,38,0.4339655378931032,São Paulo,Acre,Ribeiro da Prata,97.130.109.118,5.172816584664684,INBOUND,INBOUND,"Mozilla/5.0 (Windows; U; Windows NT 5.1) AppleWebKit/534.11.6 (KHTML, like Gecko) Version/4.0.1 Safari/534.11.6"
2022-12-31 22:55:24,90f6c5f1-95ef-483a-bd22-d3589e21f5c7,mp3,Vieira do Sul,267,101,71,1.685271967140937,Mato Grosso,Rio de Janeiro,Gonçalves de Silva,47.19.53.67,35.42924728432677,INBOUND,OUTBOUND,Mozilla/5.0 (compatible; MSIE 8.0; Windows 98; Trident/5.0)
2021-08-19 14:17:47,38aaf189-4387-4041-8804-89e18f671c5b,mp3,Barbosa do Amparo,250,116,17,0.18387744285348884,Rondônia,Rio Grande do Sul,Cardoso,13.94.194.123,35.94288090381585,INBOUND,OUTBOUND,Mozilla/5.0 (Windows NT 5.01; bem-ZM; rv:1.9.2.20) Gecko/2018-04-29 11:58:29 Firefox/3.8
2024-02-08 18:50:25,334096b5-b7a5-4aa8-81e0-9702d35e4b45,wav,Silva de Costa,288,238,86,1.8592708898587171,Pernambuco,Rio de Janeiro,Barbosa,172.126.178.222,49.072303730374664,INBOUND,INBOUND,Mozilla/5.0 (Macintosh; U; Intel Mac OS X 10_10_3; rv:1.9.3.20) Gecko/2015-09-07 17:57:00 Firefox/3.6.1
2020-11-23 03:16:03,a200d65b-ba63-4adb-ab7e-42c31dee0502,mp3,da Mata,223,259,6,1.7252846533595207,Rondônia,Amapá,Carvalho de Barros,135.181.15.196,21.26941458025164,INBOUND,INBOUND,Mozilla/5.0 (compatible; MSIE 9.0; Windows NT 6.1; Trident/4.1)
2022-09-22 02:29:08,d682819b-53a5-40dc-bb1e-dece8d545045,wav,Fogaça,88,179,68,0.5069228110434039,Santa Catarina,Acre,Fogaça,216.184.88.134,5.446833370308619,OUTBOUND,INBOUND,"Mozilla/5.0 (iPad; CPU iPad OS 10_3_4 like Mac OS X) AppleWebKit/535.2 (KHTML, like Gecko) FxiOS/12.2q6697.0 Mobile/22E893 Safari/535.2"
2021-06-24 12:50:42,bc1fba0f-22dc-4f93-9274-ff862cb35bd5,wav,Araújo,150,253,41,1.2452206742237006,Piauí,Distrito Federal,da Cunha Verde,114.106.163.191,38.94142335219382,INBOUND,INBOUND,"Mozilla/5.0 (Windows; U; Windows NT 6.2) AppleWebKit/532.30.7 (KHTML, like Gecko) Version/4.0.2 Safari/532.30.7"
2024-05-28 20:57:11,303ae0fe-81b9-424a-8271-d16afe1d06d4,mp3,Gomes do Galho,282,241,37,0.7620415073112607,Paraíba,Alagoas,Correia do Norte,48.148.140.35,19.11554531130642,OUTBOUND,OUTBOUND,Opera/8.76.(X11; Linux x86_64; pap-AW) Presto/2.9.166 Version/12.00
2021-02-10 19:08:25,47f28d06-c128-4198-a4e3-834a3529864c,wav,Martins de da Luz,247,5,29,1.5938866007069046,Amapá,Santa Catarina,da Cruz das Pedras,80.142.130.124,3.1958897908200172,INBOUND,INBOUND,Mozilla/5.0 (compatible; MSIE 5.0; Windows NT 5.2; Trident/3.0)
2023-09-30 22:30:15,84ad7f94-3622-41ef-b3bc-f41dde448d60,flac,Silva da Prata,23,233,33,1.4888403084063901,Distrito Federal,Paraná,da Rosa,14.135.10.23,43.45502045621544,OUTBOUND,OUTBOUND,Mozilla/5.0 (X11; Linux x86_64; rv:1.9.6.20) Gecko/2015-09-06 05:44:11 Firefox/3.6.7
2022-12-21 22:13:39,3502b270-02fd-4c25-80bb-311ef569763f,mp3,Novaes,277,260,10,0.8268545538259411,Acre,Acre,Melo,90.252.148.73,23.00961354646559,INBOUND,INBOUND,"Mozilla/5.0 (Macintosh; PPC Mac OS X 10_11_7) AppleWebKit/532.1 (KHTML, like Gecko) Chrome/22.0.843.0 Safari/532.1"
2023-09-23 15:46:09,e6285466-fd07-447d-b918-1b51520feace,flac,Fogaça das Pedras,57,179,14,1.5511876450039515,Amazonas,Paraná,Jesus,130.97.145.214,3.3629521725368487,OUTBOUND,OUTBOUND,"Mozilla/5.0 (Macintosh; Intel Mac OS X 10_11_6 rv:4.0; nhn-MX) AppleWebKit/532.16.7 (KHTML, like Gecko) Version/5.0.5 Safari/532.16.7"
2023-12-04 06:52:55,cabcb758-cb6a-46a0-80e2-4fe46b328a5c,flac,da Cruz,81,136,1,0.9682924180654819,Roraima,Santa Catarina,das Neves de Minas,142.74.142.214,13.99304718618629,OUTBOUND,INBOUND,"Mozilla/5.0 (iPod; U; CPU iPhone OS 4_2 like Mac OS X; fa-IR) AppleWebKit/534.45.3 (KHTML, like Gecko) Version/4.0.5 Mobile/8B115 Safari/6534.45.3"
2023-09-12 09:17:01,c6c866b2-ada3-4593-97aa-e51b04d30188,wav,Campos,38,182,45,0.9384528351160389,Rio Grande do Sul,Rondônia,Barros Paulista,82.69.213.81,49.72441629358015,OUTBOUND,INBOUND,Mozilla/5.0 (compatible; MSIE 7.0; Windows NT 5.1; Trident/4.1)
2023-05-15 00:44:23,f2d1ffed-1b99-4294-a975-bdbce127639c,mp3,Lopes Paulista,224,288,25,0.7951605624792643,Rio de Janeiro,Mato Grosso do Sul,da Cunha,203.209.137.131,16.925003257976243,INBOUND,OUTBOUND,"Mozilla/5.0 (iPod; U; CPU iPhone OS 3_0 like Mac OS X; ss-ZA) AppleWebKit/534.11.1 (KHTML, like Gecko) Version/4.0.5 Mobile/8B115 Safari/6534.11.1"
2021-12-13 00:46:28,619c7bc7-7900-44e8-a0d6-384d89b14426,wav,da Mata,140,224,59,0.9819901823286983,Minas Gerais,Santa Catarina,Aragão Paulista,143.63.48.41,7.840168858524358,OUTBOUND,OUTBOUND,"Mozilla/5.0 (Macintosh; PPC Mac OS X 10_6_4) AppleWebKit/534.0 (KHTML, like Gecko) Chrome/51.0.859.0 Safari/534.0"
2022-05-09 19:16:10,558fe737-189d-4878-97ee-9345baa52bc1,mp3,da Rosa das Pedras,79,250,87,1.9817491503948814,Tocantins,São Paulo,Jesus,2.155.180.76,11.11925767898199,OUTBOUND,INBOUND,Opera/8.29.(Windows NT 6.0; th-TH) Presto/2.9.160 Version/10.00
2022-11-15 10:38:42,1946a598-113f-4667-a59a-286a2584a299,flac,Barbosa das Flores,60,160,18,0.8225684085059302,Espírito Santo,Tocantins,Fogaça,130.133.135.7,14.761502420562623,OUTBOUND,OUTBOUND,Mozilla/5.0 (Windows NT 6.2; nb-NO; rv:1.9.2.20) Gecko/2015-10-07 00:38:09 Firefox/3.6.12
2023-04-27 12:32:05,a54022d6-438a-4eb9-9769-12a9c876057e,flac,Ramos,48,95,11,1.8024956774380232,Piauí,Rondônia,da Rosa do Amparo,23.2.208.92,22.969575575526427,INBOUND,INBOUND,"Mozilla/5.0 (iPod; U; CPU iPhone OS 4_0 like Mac OS X; eu-ES) AppleWebKit/532.39.4 (KHTML, like Gecko) Version/4.0.5 Mobile/8B114 Safari/6532.39.4"
2022-04-03 08:52:48,899da0eb-fbd6-43ab-94e1-b0afd6a8b0c5,mp3,Viana,117,26,56,1.235628843303722,Sergipe,Pernambuco,Costa,222.37.152.24,8.175701557305329,OUTBOUND,INBOUND,Mozilla/5.0 (compatible; MSIE 7.0; Windows NT 6.1; Trident/5.1)
2021-09-20 01:12:47,ea8ce859-6264-4ad5-9747-ecbcc560c896,mp3,das Neves Verde,104,77,66,1.5970702985213032,Mato Grosso do Sul,Sergipe,Duarte de Aragão,53.68.96.148,45.37001374897845,INBOUND,OUTBOUND,"Mozilla/5.0 (Macintosh; PPC Mac OS X 10_12_1 rv:2.0; de-BE) AppleWebKit/533.41.5 (KHTML, like Gecko) Version/5.0 Safari/533.41.5"
2020-03-05 15:09:09,695c2edc-b6d5-4e89-9c4d-1b8a801915e1,flac,Barbosa dos Dourados,210,290,2,1.1905559306958138,Maranhão,Mato Grosso,Fernandes,213.170.19.24,49.48885783577642,INBOUND,INBOUND,"Mozilla/5.0 (X11; Linux i686) AppleWebKit/535.2 (KHTML, like Gecko) Chrome/27.0.878.0 Safari/535.2"
2022-08-28 07:35:42,438560de-6605-45bd-ba72-b591bde5e0cb,flac,Jesus do Norte,279,114,40,0.5324983007850697,Espírito Santo,Tocantins,Mendes,57.253.147.162,27.302457379951218,INBOUND,INBOUND,"Mozilla/5.0 (iPad; CPU iPad OS 4_2_1 like Mac OS X) AppleWebKit/536.0 (KHTML, like Gecko) CriOS/59.0.898.0 Mobile/52J047 Safari/536.0"
2020-01-21 20:14:44,7716be37-4728-4ae1-8838-2edae60785fd,wav,Cardoso da Praia,209,8,30,1.9155195193755719,Bahia,Mato Grosso,Silveira,88.144.180.83,38.452856675184464,OUTBOUND,OUTBOUND,Mozilla/5.0 (Windows 98; kok-IN; rv:1.9.1.20) Gecko/2011-02-16 07:08:12 Firefox/3.6.9
2022-07-13 12:34:22,b9a3fa4e-6acd-4086-9ad1-dc8d4699db79,wav,Nogueira,222,7,70,0.6139834458690326,São Paulo,Sergipe,Almeida,34.9.70.221,37.8581756140343,OUTBOUND,OUTBOUND,Mozilla/5.0 (compatible; MSIE 7.0; Windows NT 5.2; Trident/4.1)
2021-09-20 01:22:33,85115cce-ff86-4c9f-b5be-788373249338,flac,Melo de Azevedo,130,186,90,0.6079570195507888,Rondônia,Paraíba,Alves,23.116.6.193,22.116647372265536,INBOUND,OUTBOUND,"Mozilla/5.0 (Linux; Android 6.0) AppleWebKit/532.0 (KHTML, like Gecko) Chrome/22.0.829.0 Safari/532.0"
2020-01-05 11:48:26,523e3ad9-a84e-4fb8-9cba-7c99bf5c8a8f,mp3,Carvalho,201,151,25,0.9868116177199071,Santa Catarina,Ceará,Cunha,54.248.32.205,2.9410715526997904,INBOUND,INBOUND,"Mozilla/5.0 (iPad; CPU iPad OS 3_1_3 like Mac OS X) AppleWebKit/532.0 (KHTML, like Gecko) CriOS/38.0.808.0 Mobile/00Y120 Safari/532.0"
2023-06-28 19:15:57,2f122dc4-0a1f-44ea-8730-031c199a7cbb,flac,Nascimento,26,227,67,0.6320298825220332,Paraná,Amazonas,Almeida,52.198.214.76,12.046721821066383,OUTBOUND,OUTBOUND,Mozilla/5.0 (compatible; MSIE 6.0; Windows NT 5.1; Trident/3.1)
2021-05-22 18:46:03,79a2fd14-79a6-49f1-bff5-15cec1caf4d0,wav,Nunes Alegre,159,79,40,1.5653885227927946,Amapá,Alagoas,Ferreira,154.32.39.53,41.429717452383926,OUTBOUND,OUTBOUND,"Mozilla/5.0 (Linux; Android 5.1.1) AppleWebKit/533.1 (KHTML, like Gecko) Chrome/62.0.863.0 Safari/533.1"
2021-11-17 11:23:21,123044eb-3578-4941-a131-1486c0bf86ee,flac,Souza Grande,2,259,79,0.7720197177540082,Sergipe,Paraná,Barbosa,179.202.59.79,13.539251766594216,INBOUND,INBOUND,Mozilla/5.0 (compatible; MSIE 6.0; Windows NT 5.0; Trident/3.0)
2021-07-07 11:03:36,55653d83-ab19-42e0-acf3-4093bc55b274,flac,Cavalcanti de Rodrigues,48,22,34,0.14266848998614973,Maranhão,Tocantins,Oliveira de Ribeiro,158.4.216.155,13.117268652048583,INBOUND,INBOUND,"Mozilla/5.0 (Windows NT 5.0) AppleWebKit/531.1 (KHTML, like Gecko) Chrome/57.0.834.0 Safari/531.1"
2021-10-22 05:59:43,a884c5b3-1598-4620-be1b-697a195c1153,wav,da Cruz,77,178,77,1.7536625536842394,Pará,Rondônia,Cunha,145.202.195.207,22.810061745205445,OUTBOUND,INBOUND,Opera/9.46.(Windows CE; sat-IN) Presto/2.9.168 Version/10.00
2023-05-29 14:23:01,0ffc80c5-e14d-41f4-852f-eacc638ed60a,flac,Melo do Campo,217,204,4,1.600482321072399,Pernambuco,Acre,da Cunha,190.31.58.189,36.65943399258491,OUTBOUND,OUTBOUND,"Mozilla/5.0 (Macintosh; U; PPC Mac OS X 10_10_5) AppleWebKit/535.0 (KHTML, like Gecko) Chrome/25.0.800.0 Safari/535.0"
2023-07-26 05:35:39,8f364519-f6e8-41d4-8e23-ded32a52122f,mp3,Rodrigues Verde,46,74,81,0.5876940014693758,Acre,Mato Grosso do Sul,Oliveira,114.214.167.211,8.06754997914463,INBOUND,INBOUND,"Mozilla/5.0 (Windows; U; Windows NT 6.1) AppleWebKit/532.12.6 (KHTML, like Gecko) Version/5.1 Safari/532.12.6"
2023-07-27 16:01:28,7657c002-749c-4fea-b5d7-b387de0b4ee9,flac,Cavalcanti da Prata,289,296,57,1.0107215971299504,Sergipe,Mato Grosso do Sul,Lima Grande,124.91.0.243,40.50607651158543,OUTBOUND,OUTBOUND,"Mozilla/5.0 (Macintosh; PPC Mac OS X 10_6_7) AppleWebKit/531.0 (KHTML, like Gecko) Chrome/59.0.809.0 Safari/531.0"
2020-03-12 07:27:14,c80e381c-d34e-48d1-a619-8c1bb1c310b0,mp3,Farias,176,218,95,0.817970691580655,Rio de Janeiro,Paraíba,Novaes,132.109.251.247,18.758691074591308,OUTBOUND,INBOUND,Opera/9.76.(X11; Linux x86_64; bo-IN) Presto/2.9.188 Version/12.00
2021-02-21 07:54:26,41890667-1e1b-4f15-b32a-c9d0338908ed,wav,Martins de Monteiro,168,162,3,1.6383346641244665,Bahia,Santa Catarina,Pinto do Amparo,80.220.108.112,33.42518848661686,INBOUND,OUTBOUND,Mozilla/5.0 (Windows NT 10.0; ky-KG; rv:1.9.0.20) Gecko/2010-10-07 23:38:27 Firefox/3.8
2020-06-11 14:56:26,32865e14-612a-47a9-80e4-b84bf72ad4f6,wav,Fernandes de Minas,12,91,80,1.2988518656803731,Amapá,Maranhão,Porto,211.255.219.37,47.10963492796518,OUTBOUND,INBOUND,Opera/9.16.(X11; Linux i686; id-ID) Presto/2.9.181 Version/11.00
2020-05-07 18:16:39,75e9dced-a278-4a7b-9f33-7c27eca54d0a,mp3,Jesus Verde,64,139,22,1.4247169009495186,Roraima,Goiás,Cardoso da Praia,150.142.10.204,28.070349470867004,OUTBOUND,INBOUND,Mozilla/5.0 (compatible; MSIE 6.0; Windows 98; Trident/5.1)
2020-06-11 10:44:34,849be1d2-84d1-4f5c-ba16-11e64ef3e5d4,flac,Viana do Sul,141,129,64,0.36374741274360567,Distrito Federal,Pará,Alves,133.227.205.248,19.45710929518882,INBOUND,OUTBOUND,Opera/9.31.(Windows NT 5.0; csb-PL) Presto/2.9.165 Version/10.00
2020-11-03 12:45:47,4c1981fc-a7b4-45af-a869-88762258ca13,mp3,Azevedo de da Mata,61,261,38,1.5356428256747996,Mato Grosso do Sul,Rondônia,Cavalcanti Verde,220.95.120.110,8.510725930239976,OUTBOUND,OUTBOUND,Mozilla/5.0 (compatible; MSIE 5.0; Windows NT 10.0; Trident/5.1)
2022-08-14 03:37:57,94d9ea28-872d-4363-89a8-f3d52f740e39,mp3,Porto das Pedras,231,89,53,0.9524256292883115,Alagoas,Paraná,Melo,132.167.39.81,35.34045021431118,INBOUND,OUTBOUND,"Mozilla/5.0 (Windows; U; Windows NT 10.0) AppleWebKit/534.24.2 (KHTML, like Gecko) Version/4.0.5 Safari/534.24.2"
2022-10-23 02:02:43,571efd6a-a062-4c9a-9e86-414f52b7b2fa,flac,Sales da Serra,117,225,4,1.2632310752485987,Rio de Janeiro,Santa Catarina,da Rocha Alegre,200.177.246.55,17.570915484153385,OUTBOUND,INBOUND,Opera/8.11.(Windows 98; Win 9x 4.90; hne-IN) Presto/2.9.186 Version/11.00
2022-11-23 06:08:54,c657da78-d6b0-49cb-9a63-6d1963c6203b,flac,Pereira de Goiás,228,78,70,1.541802819823964,Ceará,Rio Grande do Sul,Rocha de Nogueira,48.105.140.28,42.744079262650786,INBOUND,INBOUND,Mozilla/5.0 (compatible; MSIE 5.0; Windows CE; Trident/4.1)
2024-02-13 23:16:06,e467300c-162f-4bb4-ab2d-51fa091c929b,wav,das Neves Grande,208,255,90,1.2149825600827724,Tocantins,Alagoas,da Rosa do Galho,63.201.223.253,41.65768688967536,OUTBOUND,INBOUND,Mozilla/5.0 (compatible; MSIE 9.0; Windows 98; Trident/5.1)
2021-08-30 01:12:21,cd4a288d-0ec8-4dd1-a88b-671ea288fea7,flac,Vieira de Ferreira,214,79,31,0.1598818311298201,Amapá,Ceará,da Luz,8.36.157.32,10.187267066945468,INBOUND,OUTBOUND,Opera/9.33.(X11; Linux x86_64; om-KE) Presto/2.9.174 Version/11.00
2020-12-11 19:33:36,df24a2a7-ecf1-4f53-8d1a-5874a7c3b5e5,flac,Nascimento,30,130,60,1.763465855412705,Sergipe,Bahia,Pinto das Flores,139.149.187.53,22.47822872532508,INBOUND,OUTBOUND,Mozilla/5.0 (compatible; MSIE 9.0; Windows 95; Trident/4.1)
2020-04-24 13:05:34,f42e4016-fb6d-42f4-81a1-32330e1ee2a1,wav,da Luz da Praia,57,62,93,0.49802094542175146,São Paulo,Tocantins,Rocha dos Dourados,80.129.236.33,49.36268521879345,OUTBOUND,INBOUND,"Mozilla/5.0 (iPad; CPU iPad OS 12_4_8 like Mac OS X) AppleWebKit/535.1 (KHTML, like Gecko) CriOS/50.0.838.0 Mobile/44I489 Safari/535.1"
2022-06-20 08:07:19,56d1b15d-635a-492f-8e6d-373f69bf2180,mp3,Porto de Lopes,68,11,9,0.7633006628658889,Rio Grande do Norte,Rio de Janeiro,Nogueira do Amparo,152.130.25.2,8.565764367226162,INBOUND,OUTBOUND,"Mozilla/5.0 (Macintosh; PPC Mac OS X 10_9_6 rv:3.0; ber-MA) AppleWebKit/533.42.2 (KHTML, like Gecko) Version/4.1 Safari/533.42.2"
2020-11-11 23:57:42,43633246-3d8c-473f-83fe-a0b3d1b3b4c3,mp3,Nogueira,30,229,13,1.5158892090613854,Minas Gerais,Paraíba,Cardoso de da Paz,129.97.198.217,26.64927940074748,INBOUND,OUTBOUND,Mozilla/5.0 (X11; Linux i686; rv:1.9.6.20) Gecko/2015-06-17 11:10:16 Firefox/11.0
2022-04-21 20:43:55,9331a57e-7984-47cd-9fff-73d22088a3e2,flac,Araújo,15,257,50,1.3058464536105436,Mato Grosso,Mato Grosso do Sul,Nogueira,4.229.82.22,7.916513156508389,INBOUND,OUTBOUND,Mozilla/5.0 (compatible; MSIE 8.0; Windows NT 5.01; Trident/3.1)
2021-11-10 21:18:30,eee276ac-e657-48a1-bb0b-885cb0ff7c06,mp3,Fogaça,41,159,50,1.8900523518423826,Distrito Federal,Roraima,Silveira,149.194.36.159,30.431610448768293,OUTBOUND,OUTBOUND,Opera/9.86.(X11; Linux x86_64; zu-ZA) Presto/2.9.190 Version/11.00
2022-01-28 18:12:31,970b06cf-6d25-47ef-9ea0-0aeac5e400d7,mp3,Silveira de Rodrigues,72,7,67,1.5141732879050815,Minas Gerais,Rio Grande do Norte,Teixeira,140.217.98.70,11.500131087307604,INBOUND,INBOUND,Mozilla/5.0 (compatible; MSIE 6.0; Windows 98; Win 9x 4.90; Trident/3.0)
2020-04-08 21:12:39,d8f3767f-a7c0-4148-9e7a-01e9613d95a1,wav,Oliveira Grande,144,98,64,0.5868669768662648,Minas Gerais,Rondônia,Cavalcanti Verde,91.139.187.142,22.588875560647722,INBOUND,OUTBOUND,"Mozilla/5.0 (iPad; CPU iPad OS 9_3_5 like Mac OS X) AppleWebKit/531.2 (KHTML, like Gecko) CriOS/33.0.808.0 Mobile/05W016 Safari/531.2"
2020-09-05 00:21:07,647f10fa-695e-4412-bcee-7269ab62f340,mp3,Cavalcanti,266,258,82,0.9197361829594045,Amapá,Amapá,Porto,179.127.144.47,7.906955731491048,INBOUND,OUTBOUND,Opera/9.70.(Windows 98; Win 9x 4.90; hsb-DE) Presto/2.9.172 Version/12.00
2024-05-04 06:50:02,b09e17ee-3266-4615-956f-848d953486f5,flac,Rezende do Amparo,202,88,67,0.2797286648901935,Paraíba,Goiás,Vieira Paulista,89.161.28.209,15.486310094192993,INBOUND,INBOUND,"Mozilla/5.0 (Windows; U; Windows NT 4.0) AppleWebKit/534.26.4 (KHTML, like Gecko) Version/5.0.3 Safari/534.26.4"
2022-05-09 09:07:30,f5e445e6-e2e7-4abe-9a5a-b7903c531ff1,flac,Monteiro da Prata,108,266,71,1.8376551598788975,São Paulo,Bahia,Vieira,46.38.26.179,42.54481774202121,INBOUND,INBOUND,"Mozilla/5.0 (Macintosh; PPC Mac OS X 10_12_7) AppleWebKit/534.0 (KHTML, like Gecko) Chrome/58.0.841.0 Safari/534.0"
2023-06-26 14:56:55,429bc095-4311-4a7a-acf6-9855f81edc80,wav,das Neves,118,204,51,1.4558381112581438,Rondônia,Pernambuco,Costela,7.67.130.249,22.025423333532842,OUTBOUND,INBOUND,Mozilla/5.0 (Macintosh; PPC Mac OS X 10_9_7; rv:1.9.6.20) Gecko/2015-05-30 08:00:14 Firefox/3.8
2024-01-21 23:17:57,a21ba780-12cd-4822-bccd-a2373d9e9b0a,wav,da Costa do Norte,141,131,67,1.3758693098128318,Alagoas,Paraíba,Moura,159.131.138.16,29.700153381607734,OUTBOUND,OUTBOUND,"Mozilla/5.0 (X11; Linux i686) AppleWebKit/536.0 (KHTML, like Gecko) Chrome/46.0.824.0 Safari/536.0"
2024-01-03 12:40:56,b685583a-c301-474f-9303-5d99f98bd0ab,mp3,Farias da Praia,195,46,59,0.8188744638296109,Goiás,Rondônia,Mendes,214.34.160.150,38.15222693904326,OUTBOUND,OUTBOUND,Opera/9.68.(Windows 98; id-ID) Presto/2.9.183 Version/10.00
2020-02-03 11:21:34,1a2eda11-5095-40cf-b499-4891210a49fc,wav,Costa da Praia,219,253,65,1.5357715718860292,Mato Grosso,Paraíba,Correia de Goiás,128.64.243.106,48.45719621673637,OUTBOUND,OUTBOUND,Mozilla/5.0 (compatible; MSIE 5.0; Windows NT 4.0; Trident/4.1)
2021-02-28 17:54:04,038e42b2-fd23-406d-9cfd-1232d8b6e101,wav,Farias de Costa,144,248,42,0.9647627732590508,Rio Grande do Norte,Mato Grosso,da Costa da Mata,58.56.187.236,45.22659981113277,INBOUND,OUTBOUND,"Mozilla/5.0 (iPod; U; CPU iPhone OS 3_1 like Mac OS X; eu-FR) AppleWebKit/532.50.3 (KHTML, like Gecko) Version/3.0.5 Mobile/8B115 Safari/6532.50.3"
2020-01-14 16:38:06,7755c6fe-8224-4774-8f00-0f40e1c0576c,mp3,Cardoso da Mata,170,287,42,0.2505274371828374,Paraná,Amazonas,Nogueira de da Cruz,55.151.137.188,35.66326368898908,INBOUND,INBOUND,"Mozilla/5.0 (Windows; U; Windows NT 5.0) AppleWebKit/535.35.5 (KHTML, like Gecko) Version/5.0.5 Safari/535.35.5"
2022-10-19 12:24:10,fc25fa2c-c3a1-4375-970b-2c4d5e5b93fb,wav,Cardoso,103,70,11,0.23206523025855857,Mato Grosso do Sul,Mato Grosso,Caldeira de Porto,174.161.3.75,30.05094413490874,INBOUND,INBOUND,Mozilla/5.0 (compatible; MSIE 9.0; Windows CE; Trident/3.1)
2023-04-04 03:12:22,c76d190a-05c4-433e-b196-21b85e99d356,flac,Farias,259,162,80,1.370325957053536,Amazonas,Rio Grande do Norte,Fogaça da Serra,42.199.171.14,3.8756461925496133,OUTBOUND,INBOUND,Opera/8.57.(Windows NT 10.0; hne-IN) Presto/2.9.183 Version/10.00
2022-01-21 20:34:49,5e2d25bb-00e7-4a83-82f3-8b0d679348dc,wav,Nunes das Flores,249,118,95,1.7601522802140723,Bahia,Mato Grosso do Sul,Gomes,101.13.26.109,18.53292663412421,INBOUND,INBOUND,"Mozilla/5.0 (Windows; U; Windows 98) AppleWebKit/532.30.4 (KHTML, like Gecko) Version/5.0 Safari/532.30.4"
2024-02-17 22:12:55,47052850-2d34-436c-a061-a71a62eb53c4,wav,da Mota do Amparo,106,150,88,0.34509951433041663,Ceará,Pará,Duarte da Praia,27.71.200.219,6.160187444417394,INBOUND,OUTBOUND,Mozilla/5.0 (compatible; MSIE 7.0; Windows NT 10.0; Trident/3.0)
2024-05-04 12:11:46,505f9422-61ec-4f92-b0fa-6d0acd02205e,wav,Cunha,24,118,55,0.15226701086028427,Sergipe,Pernambuco,Pereira de Vieira,159.50.53.100,3.9216505265314305,OUTBOUND,OUTBOUND,Mozilla/5.0 (Windows 95; lv-LV; rv:1.9.1.20) Gecko/2015-07-11 09:02:40 Firefox/3.6.15
2024-02-19 21:07:06,c7571993-46c2-48ec-869e-2044281488e6,flac,Peixoto de Teixeira,145,87,46,1.168644636913996,Pará,Rondônia,Ramos,91.179.138.117,30.37321724809114,INBOUND,OUTBOUND,Opera/8.46.(X11; Linux x86_64; ig-NG) Presto/2.9.165 Version/10.00
2020-04-09 13:52:21,30e22a8c-5509-4fc6-849a-ded23778f890,flac,Rezende do Galho,188,264,7,0.8382909325056361,Rio Grande do Norte,Rio Grande do Norte,Caldeira,18.66.61.46,33.70117357209846,OUTBOUND,INBOUND,"Mozilla/5.0 (iPod; U; CPU iPhone OS 3_3 like Mac OS X; ti-ER) AppleWebKit/534.8.7 (KHTML, like Gecko) Version/3.0.5 Mobile/8B118 Safari/6534.8.7"
2020-08-27 19:00:57,8c714c3b-6320-499b-9b3c-30e3b02caf56,mp3,da Rosa,63,292,40,1.5132534644735556,Piauí,Rondônia,Vieira,196.21.147.248,15.760706506411506,OUTBOUND,INBOUND,"Mozilla/5.0 (Windows; U; Windows NT 4.0) AppleWebKit/531.42.2 (KHTML, like Gecko) Version/4.0.2 Safari/531.42.2"
2020-06-23 09:51:50,847ea428-91e4-4829-84ca-4ddfff02801f,mp3,Nascimento,251,108,28,0.9533388765703069,Rio Grande do Norte,Pará,Melo de da Mata,29.24.45.86,6.746746074055514,OUTBOUND,OUTBOUND,Mozilla/5.0 (X11; Linux x86_64; rv:1.9.7.20) Gecko/2012-03-18 13:46:44 Firefox/11.0
2021-09-10 22:07:07,b4ec95ab-d644-4db8-8c73-2df9053807c5,flac,Pinto da Serra,174,45,65,0.5197058396220096,Mato Grosso,Rio de Janeiro,Dias,149.232.38.9,22.312566713620416,INBOUND,INBOUND,"Mozilla/5.0 (iPod; U; CPU iPhone OS 4_3 like Mac OS X; cy-GB) AppleWebKit/532.6.3 (KHTML, like Gecko) Version/4.0.5 Mobile/8B116 Safari/6532.6.3"
2020-07-16 22:52:22,ee868888-c36b-4ce6-a688-af1f2d01be98,wav,Cunha de Vieira,262,121,26,0.8530927282201881,Maranhão,Goiás,da Rocha,69.46.23.43,1.7270793688895114,OUTBOUND,OUTBOUND,Mozilla/5.0 (Android 4.3; Mobile; rv:18.0) Gecko/18.0 Firefox/18.0
2023-12-08 21:50:58,49f26df4-ec37-44b7-8828-155a2cc9e2f9,mp3,Porto da Serra,271,244,31,0.6497103960810734,Acre,Amapá,da Conceição Paulista,10.62.159.228,26.117238454152844,OUTBOUND,INBOUND,"Mozilla/5.0 (iPhone; CPU iPhone OS 10_3_3 like Mac OS X) AppleWebKit/531.0 (KHTML, like Gecko) FxiOS/16.0r0286.0 Mobile/59Z981 Safari/531.0"
2021-05-17 08:48:31,a885f7b9-67bf-4253-9b12-262f05644b52,mp3,Ramos,63,237,81,0.7485944838478409,Piauí,Amapá,Duarte de Pinto,46.233.60.151,13.240405407067554,OUTBOUND,OUTBOUND,Mozilla/5.0 (compatible; MSIE 8.0; Windows CE; Trident/4.0)
2022-11-19 16:37:42,6ec93300-de10-4e71-9c32-e783c303349d,flac,Fernandes,253,197,71,0.7499563589838335,Roraima,Espírito Santo,da Luz,184.77.52.166,14.059752165923312,OUTBOUND,INBOUND,Opera/9.78.(Windows CE; byn-ER) Presto/2.9.160 Version/11.00
2020-08-27 10:07:03,ef957bde-cb93-4719-8635-cfbb6e0aea84,wav,Porto,125,196,75,1.311594286822147,Paraíba,Roraima,Monteiro Grande,96.158.36.95,34.15589688078772,OUTBOUND,INBOUND,Mozilla/5.0 (compatible; MSIE 6.0; Windows 95; Trident/4.0)
2023-12-16 20:49:29,e7e5934c-9dcd-4f07-8590-a36ba8aaef8f,mp3,Ferreira de da Mata,199,164,98,1.198045329752378,Alagoas,Mato Grosso do Sul,das Neves do Amparo,108.215.115.246,44.389071918469654,OUTBOUND,INBOUND,Mozilla/5.0 (Macintosh; PPC Mac OS X 10_11_9; rv:1.9.5.20) Gecko/2011-04-10 05:04:18 Firefox/12.0
2021-08-18 21:51:22,90536384-f64b-4753-b6f5-70677b86de9b,flac,Carvalho de Souza,54,170,39,1.2797720113489541,Bahia,Roraima,Jesus de Cavalcanti,198.224.138.59,47.48544197022887,OUTBOUND,INBOUND,Opera/9.55.(Windows 95; sk-SK) Presto/2.9.177 Version/11.00
2021-05-30 00:04:46,e330389a-5fe3-48ce-98fd-b0819717cf2b,wav,Azevedo de da Paz,274,121,79,1.6832704547354784,Maranhão,Bahia,Lopes,178.41.186.133,47.83441170915437,INBOUND,OUTBOUND,Mozilla/5.0 (Windows 98; niu-NZ; rv:1.9.0.20) Gecko/2012-12-05 17:59:27 Firefox/3.6.7
2020-11-22 07:35:43,874dbdcd-c205-40db-bef4-21d5746b5f09,flac,Almeida,279,130,50,1.7695524755620688,Acre,São Paulo,Oliveira,26.218.223.6,40.712255483600025,OUTBOUND,OUTBOUND,"Mozilla/5.0 (Macintosh; Intel Mac OS X 10_9_9 rv:5.0; ss-ZA) AppleWebKit/533.27.6 (KHTML, like Gecko) Version/4.1 Safari/533.27.6"
2020-08-10 10:41:09,f50f20f1-d241-45e8-9df2-309fc70b67e7,mp3,Novaes,125,190,85,1.5350060859448416,Goiás,Roraima,Farias,156.187.77.11,35.883894686735744,INBOUND,INBOUND,Mozilla/5.0 (Android 4.4.2; Mobile; rv:55.0) Gecko/55.0 Firefox/55.0
2021-01-23 17:52:32,57e75ed7-ef82-49dd-b4a2-332cc516c89f,mp3,Farias das Pedras,225,99,13,0.7924371148861993,Rondônia,Sergipe,Mendes de Almeida,28.247.178.100,7.344434026559074,INBOUND,OUTBOUND,Opera/8.12.(X11; Linux i686; the-NP) Presto/2.9.176 Version/12.00
2022-12-30 18:05:48,d6ba3cc2-8e8b-47f9-896b-b96a83f041bd,wav,Pinto Verde,181,62,29,1.8934668086489503,Rio Grande do Sul,Santa Catarina,Vieira,18.113.134.73,6.483141577529425,OUTBOUND,OUTBOUND,Mozilla/5.0 (compatible; MSIE 9.0; Windows CE; Trident/3.1)
2020-01-08 16:00:10,701b664d-5d34-448a-a978-583f93c93490,mp3,das Neves,32,272,15,1.0095341900599657,Roraima,Pernambuco,Monteiro de Freitas,140.176.119.54,37.538321683854385,INBOUND,OUTBOUND,Mozilla/5.0 (compatible; MSIE 8.0; Windows NT 5.01; Trident/4.0)
2021-11-13 14:48:23,8f2507d3-f046-479a-b375-00959eca47b6,mp3,Cavalcanti,82,150,52,1.661995450529297,Rondônia,Roraima,da Luz do Galho,66.229.58.123,18.74895658835095,OUTBOUND,OUTBOUND,Mozilla/5.0 (compatible; MSIE 5.0; Windows 98; Win 9x 4.90; Trident/4.0)
2020-08-04 10:02:47,b17779d7-3852-42fd-ba73-228c1daf05a9,wav,Mendes,275,154,82,0.9190460486339915,Amapá,Distrito Federal,Mendes,153.198.125.187,13.878227823534088,OUTBOUND,OUTBOUND,Opera/9.29.(X11; Linux x86_64; sa-IN) Presto/2.9.170 Version/12.00
2022-12-31 18:18:42,87c7c0ae-111f-48a3-9760-b3c1ea889b22,mp3,Costela,298,261,39,1.389543205350685,Acre,Santa Catarina,Duarte da Prata,15.173.91.135,13.779337543993417,INBOUND,INBOUND,Mozilla/5.0 (compatible; MSIE 9.0; Windows NT 4.0; Trident/4.1)
2023-05-14 16:29:15,dceeda40-04ff-42e7-a0fc-1a509d13231c,mp3,Carvalho,54,95,98,1.6565674059028732,Amapá,Paraíba,Monteiro,122.147.123.177,27.735439646337824,OUTBOUND,OUTBOUND,"Mozilla/5.0 (X11; Linux i686) AppleWebKit/536.1 (KHTML, like Gecko) Chrome/62.0.883.0 Safari/536.1"
2022-12-25 12:28:07,1b502a83-cba7-452f-b7cf-b266d2d3440f,wav,Moura das Flores,262,96,31,0.7481791590808214,Rio Grande do Sul,Alagoas,da Mota,160.45.129.189,37.00974989269117,INBOUND,OUTBOUND,Mozilla/5.0 (compatible; MSIE 8.0; Windows NT 6.0; Trident/3.1)
