ativo,conselho,cpf,documento_conselho,email,especialidade,especialidade_id,foto,fornecedor_id,nome,profissional_id,rqe,sexo,sys_user,tratamento,uf_conselho
True,Engenheiro civil,235.618.974-28,BU-5726730,knovaes@hotmail.com,Ginecologia,5,https://dummyimage.com/278x622,e18aefc5-8cf3-453c-9b00-2b8d4212e86f,Larissa da Mota,c63b1235-d179-42bb-9637-3f2de6815018,91881,M,larissada-conceicao,Tratamento B,PE
False,Bioquímico,375.290.846-74,ZO-5388289,alvesalicia@das.net,Ginecologia,5,https://www.lorempixel.com/383/626,951f5fce-2aaf-47a9-938f-cf5079f03c78,Sra. Ana Julia das Neves,811ae08b-9bac-47ae-a8cd-5de8d97d13d6,83880,M,liviacardoso,Tratamento A,PB
True,Flautista,124.968.537-00,vB-0674161,pintoyuri@bol.com.br,Cardiologia,5,https://placekitten.com/118/92,32ab276d-6a42-4748-b4c9-7519f33474de,Kaique Souza,ec76d129-24d8-4da9-a897-036984de2e38,50535,M,davi-lucasnovaes,Tratamento A,SP
False,Economista doméstico,824.967.513-46,xd-0760593,llima@da.com,Ortopedia,1,https://placekitten.com/435/870,143ebb56-f6fc-4d16-8eb2-fed416324447,Ana Laura Campos,aff73785-f4c2-409c-9eb8-970277d1d205,85588,F,waragao,Tratamento A,RR
True,Pianista,358.706.412-17,bu-0547780,nascimentoluiza@nunes.br,Cardiologia,4,https://placeimg.com/315/835/any,d7e366ec-cab9-4026-8dbc-112ad33fe58a,Evelyn Pinto,18b961ad-bbe6-4635-9a09-dcdcbfb0bb91,45303,M,pintomariana,Tratamento A,PR
True,Chaveiro,194.503.267-70,UF-1354957,ynunes@ig.com.br,Pediatria,2,https://dummyimage.com/258x766,b1362562-b020-4e9f-baa7-370d9b5bf128,Davi Mendes,a920000a-defa-462e-bd66-6590bd642c24,56787,M,dcosta,Tratamento B,AP
False,Inspetor,705.649.318-10,nc-8626315,oliveirajoao-miguel@pinto.br,Ginecologia,2,https://dummyimage.com/397x69,6ed5e808-5287-4f96-a712-81f3e90375d3,Rebeca Martins,a9514082-72e0-4254-a599-0a6719729856,79860,M,ana-laurada-mota,Tratamento B,ES
False,Notário,271.306.495-34,MT-7212413,da-luzbruna@farias.br,Dermatologia,2,https://placekitten.com/891/879,f2ee2809-67c4-4835-85e4-189f73f3f1dd,Lívia Jesus,4f4d79b4-35b7-488b-b812-73aca76cd3a2,20397,M,yda-rosa,Tratamento B,AL
True,Engenheiro florestal,573.961.024-99,qe-7214362,rebeca24@hotmail.com,Ortopedia,3,https://dummyimage.com/880x818,67081246-b683-49ca-839c-9175cb36a557,Ana Carolina da Cruz,57196167-0eb6-44d5-89d1-a807f01f7b2a,73035,M,da-pazmilena,Tratamento A,RO
True,Passador,081.345.972-97,bX-8077672,calebefreitas@yahoo.com.br,Ginecologia,3,https://www.lorempixel.com/172/58,88411089-9abf-422d-9465-c1fc9599522c,Benício Porto,64208f4c-b443-4e64-b1e9-c7e65d2f9d69,17072,F,zcardoso,Tratamento B,CE
True,Webdesigner,251.764.983-91,VS-9856986,antoniosales@novaes.br,Ginecologia,4,https://dummyimage.com/952x67,a4872b75-5c44-4ba4-bee5-fb85000aff83,Cecília da Conceição,56daa9be-23b3-419b-9dec-9b56a5290daa,91999,F,gustavocorreia,Tratamento B,SP
False,Pianista,610.354.829-24,Jg-8892198,aragaoraquel@cardoso.com,Ginecologia,4,https://dummyimage.com/227x432,195dbecc-899a-45ff-a374-7f29e66ba2bd,Emanuelly Ramos,96cb189f-8756-44f7-b29d-dd99eafc87ec,80916,F,souzajoao,Tratamento B,AP
False,Administrador,827.960.541-01,WB-4645029,cauasantos@yahoo.com.br,Ortopedia,2,https://www.lorempixel.com/744/14,bc0b503b-168a-4147-8b8c-0df68baf3a33,Cauã da Conceição,3a9eccc7-bd1e-489f-8461-41c375c9f07b,21198,M,grocha,Tratamento B,AC
True,Soldado,154.786.902-01,lB-1604352,osantos@fogaca.br,Dermatologia,2,https://www.lorempixel.com/615/138,16b149e5-91e4-4b98-90af-23b263ae4f00,Dr. Pedro Miguel Souza,4208ad64-a429-435e-8320-fd2cf0a9b7de,49640,F,ncostela,Tratamento B,RN
True,Camelô,056.439.821-70,AL-7285511,yrodrigues@costela.com,Dermatologia,3,https://www.lorempixel.com/353/658,6fd71c89-2699-498f-9563-99ca754517ab,Luana Barros,6c93b844-ee07-4d07-8451-f589b6f1f54c,48900,F,fda-conceicao,Tratamento C,AP
True,Construtor,185.469.207-02,dZ-0493591,vianaemilly@da.br,Ginecologia,2,https://dummyimage.com/760x460,83819d87-a1e6-4294-a6cd-2b96e351ad57,Isaac da Rosa,256baac6-b416-4204-a740-3b6108450aae,53147,F,piresluana,Tratamento B,AC
False,Engenheiro naval,129.678.045-76,kp-3668088,leticiacorreia@carvalho.com,Ortopedia,4,https://www.lorempixel.com/5/51,06d7777a-bb5b-4a4d-8c50-4848aa711bd5,Stephany Lopes,0a60a67f-425b-4528-a719-97b6ecbc96fb,12402,M,caiojesus,Tratamento A,ES
False,Administrador de banco de dados DBA,340.529.178-04,kM-5168110,alice51@yahoo.com.br,Dermatologia,5,https://placeimg.com/829/879/any,3ab70d90-60fe-4c54-8ac6-16c46a034456,Dr. Daniel Caldeira,3bb737b5-0d43-4f03-a1e5-3d206c3778f2,36432,F,kamillyporto,Tratamento A,SE
True,Diretor de fotografia,620.837.149-03,Io-2447464,danielaraujo@yahoo.com.br,Ginecologia,5,https://www.lorempixel.com/435/491,532e14cd-29fa-4942-9063-6976438c3a94,Joana Correia,7ee6db90-d6c4-4255-a8ab-b03eec41c9f7,52749,F,bmoreira,Tratamento B,RO
True,Selecionador de pessoal,160.543.972-06,zV-8880599,aliciafernandes@yahoo.com.br,Dermatologia,4,https://dummyimage.com/354x310,4ca07112-fae9-445f-9df1-e5187a618f32,Caio Nunes,01066e99-ccda-49d6-805a-c408af120c79,88297,F,ecardoso,Tratamento C,PR
False,Major,391.420.578-41,lq-9287411,laura26@das.com,Pediatria,1,https://dummyimage.com/868x1004,ef8ec163-bb51-4b79-936c-1f36d4e6813b,Isaac da Cruz,8a32fc84-91c6-4b9f-b30f-bf0c45770e07,29757,F,pedro-henriquenogueira,Tratamento B,PI
False,Gerente de vendas,714.652.089-76,RW-0773025,mendesnatalia@silveira.br,Ortopedia,4,https://www.lorempixel.com/526/0,779c7f76-97de-4b1d-b5dd-5160fae959ae,Laís da Rosa,f0acd6dd-11ad-47e3-a7d7-4c2898eba94c,53837,M,gcorreia,Tratamento B,RS
True,Preparador de máquinas,054.792.831-97,xA-1718904,bviana@souza.com,Pediatria,5,https://placeimg.com/995/91/any,5425853f-ec6d-417e-8f3a-bc43c96c3406,Maria Vitória da Rocha,889ac751-073a-49b0-bc39-4a08cd56cde3,80013,F,joao-guilherme18,Tratamento A,AP
False,Enfermeiro,524.378.601-26,Vq-0808963,flima@ig.com.br,Cardiologia,4,https://placekitten.com/565/206,c4c17874-1e8a-4354-bf03-4a82c39e8cd0,Luiz Henrique Alves,2b540475-ff5d-4012-9322-327a5acdb166,21320,M,diasmanuela,Tratamento C,RJ
True,Revisor,817.956.234-46,si-7135820,wpereira@ferreira.com,Dermatologia,1,https://dummyimage.com/870x643,57ea5560-37a8-431e-bca8-ab6a1ec099c6,Srta. Ana Julia Pires,f2e5e367-e410-41c9-ad20-3ca7c946ec39,81817,M,diaslarissa,Tratamento C,DF
False,Viveirista,986.375.104-93,an-5716374,lopesbreno@hotmail.com,Cardiologia,2,https://dummyimage.com/772x9,543f0a51-c642-4bd0-8e8c-6647fd2d1cb0,André da Rosa,0afbd720-7e5f-43db-add0-249b3aa8e003,75914,M,salmeida,Tratamento C,ES
True,Médico geneticista,489.715.063-93,ve-5742900,vpeixoto@novaes.com,Cardiologia,5,https://dummyimage.com/785x213,babfc492-0604-4494-96bf-477045eac69c,Alana da Cruz,a2dd8e0f-997e-43a4-be80-07801d3234f3,18865,F,luiz-migueljesus,Tratamento C,MG
True,Comandante,321.896.407-50,QT-5325870,rezendedavi-lucca@rocha.br,Ortopedia,2,https://placeimg.com/768/751/any,3ffa9849-1b27-40dc-87e4-589700c47f8a,Enrico Caldeira,f8ffbf9d-a2cd-4bf4-9604-e85ee47a5d0a,62002,F,stephanycunha,Tratamento A,RS
True,Engenheiro agrônomo,068.137.594-93,wm-0866474,alice27@hotmail.com,Cardiologia,4,https://dummyimage.com/286x684,fb3fb41c-6042-489f-ab97-9a9118035b12,Nicole da Paz,04406739-d50f-4385-b314-ddc63f5f2c6a,71173,M,cunharaquel,Tratamento B,RO
False,Saxofonista,493.286.501-51,xk-5956755,mendesana-julia@hotmail.com,Cardiologia,2,https://placekitten.com/329/873,c3304daa-a9bf-40a4-b0c6-b9fb0032d3b6,Gabriela da Mota,cd024f82-3fff-4dd2-b525-ec800985dc69,82780,M,anthony92,Tratamento A,PE
False,Lapidário,672.831.945-09,Gx-2549230,eloahsales@uol.com.br,Ginecologia,3,https://www.lorempixel.com/718/72,9e636666-a0ef-4e9e-a33d-04cd82fc01c3,Dr. Gustavo Santos,9a8e2f45-555c-40bd-a2ea-0c527e8cd9ee,57899,F,walves,Tratamento B,PA
False,Assessor de imprensa,326.058.941-42,yu-6152602,otavio24@gmail.com,Cardiologia,4,https://placekitten.com/871/998,40023e29-e1ee-453c-849c-5ada2f67cf13,Leandro Fogaça,f1a611c6-4f95-426e-8dbe-b1cdc17651a2,53271,M,maria-luiza94,Tratamento C,TO
False,Lavador,301.629.874-04,Nb-7080404,augustobarros@sales.net,Ginecologia,4,https://placekitten.com/478/94,67c54385-70b9-489f-8b58-fed90b756bdb,Antônio Caldeira,288761ad-2e69-4256-b046-4ee46782cbde,13018,F,brunoribeiro,Tratamento B,MT
True,Gerente de inovações ou novos negócios,590.712.683-30,Gr-4259275,ocunha@yahoo.com.br,Cardiologia,2,https://placekitten.com/71/984,2fb99c6a-c60c-4d71-9354-12650b4826d1,Ana Sophia Pinto,9c8d36aa-3666-40cf-9102-8a5412ed4873,67447,F,pedro-lucas23,Tratamento C,AL
True,Caminhoneiro,921.635.478-09,Oq-5641031,oda-costa@oliveira.br,Pediatria,4,https://www.lorempixel.com/864/650,02ac75f3-6988-455b-9262-3abb4dab17fa,Ana Nascimento,0abcf20a-9dea-4c06-8f16-1e271eea0ff8,98115,F,felipeduarte,Tratamento A,SC
True,Psicomotricista,053.267.918-03,pO-8030411,bryan76@yahoo.com.br,Pediatria,5,https://dummyimage.com/827x80,e386fd38-afe4-4c7e-820e-e4df02e107ff,Dr. Kaique Freitas,111b74f4-8995-4a94-86b0-d66adb3c4217,35197,F,oliviamartins,Tratamento B,PE
True,Separador,845.307.962-56,rL-0965200,valentina52@gomes.com,Dermatologia,3,https://placekitten.com/498/104,896d6392-8155-4541-8c1c-d93a8c33e6ba,Yasmin Carvalho,040d1c12-31fa-4ccf-90a1-29f56b6c5a07,20832,F,pferreira,Tratamento A,MA
False,Engenheiro cartográfico,678.953.412-19,Xp-7772437,cunhaemilly@gmail.com,Cardiologia,4,https://www.lorempixel.com/404/886,4f00f880-3178-4c91-b57f-b14fbadd3680,Caio Mendes,9acd2fd5-2833-4cf8-9a08-52c6abf4b816,65215,M,novaesjoao-gabriel,Tratamento B,PA
True,Ator,540.189.723-50,xf-2846851,isadora67@gmail.com,Cardiologia,5,https://placeimg.com/590/769/any,658d9792-2cd8-4293-b576-199fdde8876e,Srta. Carolina da Cunha,774fb88b-a7d3-4129-b5e2-6cf2ed5d3af5,89317,M,pietro47,Tratamento C,AC
False,Engenheiro civil,830.741.529-23,DU-6556376,vmelo@porto.com,Cardiologia,1,https://dummyimage.com/864x366,b6cc1016-451e-4e2c-83b5-f2901c24ed00,Luiz Felipe Santos,b0ea30f6-e06e-479d-bb03-79d8ac8f531c,96470,F,kaiquealmeida,Tratamento C,ES
False,Homeopata,618.524.097-11,Gg-1356025,stephany03@yahoo.com.br,Pediatria,2,https://placeimg.com/26/0/any,57ae2e01-6862-4c5b-ba57-ec50bd9ce4cb,Bernardo da Cruz,546afd04-e0a1-4f0e-aa1b-9b6874861e2c,31021,F,qferreira,Tratamento C,PI
True,Psicomotricista,061.432.895-06,Gs-2298817,leticiateixeira@hotmail.com,Cardiologia,2,https://placeimg.com/995/762/any,2e487477-d0bb-40e1-9580-ef6143276ef6,Enzo Gabriel Caldeira,e1cc7e6b-f421-4030-bcc4-be106ea8ccf2,77916,F,cardosobernardo,Tratamento A,CE
True,Estilista,365.870.914-66,ma-6383979,da-rochaisabel@castro.com,Pediatria,5,https://placekitten.com/924/770,42b15e04-b125-4cc9-bcfe-565b1324311d,Bruno da Costa,6a6e27b1-c067-475d-b48a-ead4741aafad,34432,M,ana-carolinacosta,Tratamento A,MG
False,Engenheiro de controle e automação,645.920.183-89,KB-6421976,nathan08@farias.com,Ortopedia,1,https://www.lorempixel.com/620/997,6f8129b3-94aa-4e29-bb02-813a5cc2d537,Sra. Mariane Lima,f831f89f-c0b3-42d0-a191-d34ef513e72e,15972,M,murilo39,Tratamento C,DF
True,Carpinteiro,789.645.130-10,No-4040748,tduarte@bol.com.br,Dermatologia,2,https://dummyimage.com/573x676,f6f5fff2-b2d5-4f09-a5a6-270f1ca957ae,Caio da Paz,4893b8a5-a831-44c3-a443-2fa1ea804660,34537,F,larissamartins,Tratamento A,PA
False,Cartunista,193.627.405-16,Ux-4349093,joanada-mata@gmail.com,Pediatria,1,https://placekitten.com/773/208,0da62abf-1a0e-418c-bf95-36dfcb9c2ef6,Clara Correia,e5ce3e34-5f81-4b2a-8dd5-650139e7be36,30489,F,caldeirakevin,Tratamento B,SP
True,Paginador,479.213.586-91,zF-0251669,juliana01@gomes.br,Ortopedia,5,https://placeimg.com/1001/585/any,d3d74874-b7ff-4ec2-98e0-fbc180e37965,Sra. Ana Julia da Mata,709e5307-e6c5-4673-abe5-9ac04fa80319,51743,M,barbosabruna,Tratamento B,PR
True,Astrônomo,658.942.307-56,oo-7580396,breno33@ig.com.br,Pediatria,4,https://dummyimage.com/958x616,35ca3ea2-f180-4e10-83f3-b44e5fd93e01,Dra. Fernanda Correia,9e578ac4-6e66-44d3-9be3-a41f68b55ce4,52139,M,peixotoluigi,Tratamento C,BA
True,Advogado,603.129.548-24,eE-4753183,almeidaana-livia@castro.net,Cardiologia,4,https://www.lorempixel.com/783/466,595c50c8-0d95-482c-9393-1689a7a73136,Ana Cavalcanti,2442aa51-b98c-4c4e-9b27-e0a865de63c6,44004,M,vieiraemanuella,Tratamento A,RR
False,Professor,297.056.148-49,VE-9381595,luiz-otavio42@gmail.com,Dermatologia,4,https://placekitten.com/490/149,1d5fa5a3-990d-435f-9a64-3b4ef5ddafd5,Bryan da Mata,72d27e3a-acac-48fe-bd57-2e7d921881a2,64642,M,joaquim94,Tratamento C,PI
False,Acompanhante,240.376.581-35,zk-7690811,matheus18@peixoto.com,Ortopedia,2,https://dummyimage.com/42x854,122c4372-2f63-44e2-8bef-86547a4c6694,Natália Moraes,36890689-12a5-4495-a603-f5dcf58872c9,70392,F,nascimentonina,Tratamento A,RN
False,Projetista mecânico,815.369.027-21,bX-0521849,ana-luiza41@gmail.com,Ortopedia,4,https://dummyimage.com/747x628,767ff5d1-094e-4ec3-bce1-1e783416187d,Benício Melo,133225be-5bf6-452a-adb6-1954bc2ab110,48245,M,das-nevesgabriel,Tratamento B,RJ
False,Protesista,149.872.630-50,VK-5188633,murilolima@bol.com.br,Ginecologia,1,https://www.lorempixel.com/630/84,6660e9fb-0288-4aea-8350-dc6edfc9d207,Maysa Jesus,e3ac53c5-0ce1-4e54-96ce-795947f95756,54263,F,oliveiranatalia,Tratamento B,AP
False,Trompetista,406.519.278-11,xo-4406148,da-matalorena@ig.com.br,Pediatria,4,https://dummyimage.com/311x125,af25f8fa-6a73-4222-9c04-2a91c9046873,Igor Caldeira,12c82820-02f4-493b-9088-060876302ead,37027,M,joao-gabrielfreitas,Tratamento A,RS
False,Auxiliar de serviços gerais,097.162.458-58,Im-0558447,freitasjoao-pedro@hotmail.com,Cardiologia,1,https://www.lorempixel.com/169/899,5f4385d7-fc7a-40de-a703-aaadeac5f25d,Carolina Oliveira,d92b1e15-1d6d-4f9a-834c-d3f87305aa45,74639,M,lsantos,Tratamento C,SP
False,Acupunturista,923.784.165-55,RH-1697065,levicaldeira@yahoo.com.br,Pediatria,4,https://placekitten.com/396/454,abffdeb7-507d-42c0-89d1-3660cc3fd309,Srta. Melissa Cardoso,4771e2ad-52d6-4276-8069-846d900e57f4,69841,M,santosanthony,Tratamento C,MG
True,Comprador,967.402.318-69,vY-2631913,fsales@barbosa.com,Dermatologia,3,https://www.lorempixel.com/234/99,ec62aa46-afd4-44f1-a513-11c2c0ef5662,Catarina Fernandes,f6c08a61-b5f5-4fd7-bcb4-af4d1771e74f,59479,M,lauracorreia,Tratamento C,ES
False,Chapeiro,960.183.754-00,hk-7642709,da-rosamaria-alice@silveira.com,Pediatria,5,https://placekitten.com/775/370,bebad622-dff6-49ec-b83c-5b07e0ef86f8,Caio Ramos,11e2f5c1-7693-42af-a79b-f7a4bc49f59c,72563,M,luigi88,Tratamento B,SE
False,Defensor Público,058.361.927-40,Yu-2013761,xda-cunha@uol.com.br,Pediatria,5,https://placeimg.com/775/156/any,c76342a1-0587-4e63-b64d-35540bbfb4ca,Alícia Mendes,d66a3d95-a30b-4a63-8d10-e491a49f9109,35337,M,goncalvesnatalia,Tratamento A,AP
True,Advogado,195.068.427-01,XJ-7624896,da-conceicaomaria-alice@cavalcanti.br,Pediatria,3,https://dummyimage.com/367x747,a7599aae-04f1-4a7e-b9d5-82a5c4edcb85,Maysa da Conceição,0110b4e5-d70e-4a2f-a188-ae599e5fcf7a,25990,M,heitor96,Tratamento C,AP
True,Contramestre em transporte marítimo,729.045.361-16,ZI-1120912,ana-juliada-conceicao@hotmail.com,Ortopedia,3,https://www.lorempixel.com/79/241,4952267e-5794-4769-93d4-8c27a677ec0b,Enzo Gabriel Porto,c6a74f28-4eee-47e0-a160-973fe1bd38ac,14366,F,rodriguesantonio,Tratamento A,TO
False,Jangadeiro,280.196.574-01,KV-0957132,zda-rosa@da.com,Cardiologia,5,https://dummyimage.com/158x943,fed2eca5-1219-408a-a40c-e903c7af0fb3,Matheus da Luz,df4e5e41-4a69-4ce2-8b62-242936a859c2,82356,M,ana-livia03,Tratamento C,SP
True,Profissional de rádio e tv,035.219.476-61,ut-6749518,rramos@hotmail.com,Ortopedia,1,https://placekitten.com/963/704,7b7daf6d-c14d-41b0-88a0-2d05023fd78e,Eduardo Silva,ab2a69f5-f7a8-4626-9ab6-979b94ed8de4,34713,F,natalia44,Tratamento C,RS
False,Pedicure,654.923.871-46,Nr-4959157,da-matajoao-guilherme@da.com,Ortopedia,4,https://dummyimage.com/473x748,fbfc6e2a-9f29-4721-b2dd-6f2ae38a2cd2,Sarah Caldeira,f8fab801-d611-43e9-8cd9-67ae2a483ccd,52557,F,qcastro,Tratamento B,GO
False,Porteiro,051.963.724-07,mG-5928990,marcela54@ig.com.br,Pediatria,1,https://dummyimage.com/923x252,cd89a0ad-601a-48bc-b894-567a91ab7ad8,Valentina Carvalho,5060c99d-b47d-40ff-b226-3256f6ad482a,19236,F,nascimentomaria-eduarda,Tratamento A,RS
False,Estoquista,486.913.270-22,Jd-2103146,hda-mota@bol.com.br,Dermatologia,2,https://dummyimage.com/222x986,a5cf6111-2343-4d8a-a992-36bffa697551,Thales Silva,063ee5c4-f1bf-479e-8797-ed252dd4ab40,96163,M,ana-luizajesus,Tratamento A,RS
True,Psicomotricista,398.410.276-31,hp-1878766,ana-juliabarbosa@hotmail.com,Dermatologia,1,https://placeimg.com/973/631/any,959bcc88-87c9-4bcb-ad30-adc0fa185d77,Bianca Monteiro,8ed8d545-e5e2-45df-9fe0-8ea2a347dd8b,50369,F,barbara14,Tratamento B,TO
True,Contramestre em transporte marítimo,762.149.308-96,TE-5800582,wsales@caldeira.com,Pediatria,4,https://placekitten.com/98/2,b68295d4-75fc-4783-9c20-c7daa96f00b7,Beatriz da Mota,200070fc-8bf9-4d90-927d-1ced492dbec0,58946,M,fariasolivia,Tratamento B,TO
True,Engenheiro ambiental,987.240.315-50,zt-5431644,duartemaite@barbosa.net,Cardiologia,1,https://dummyimage.com/621x946,b7acc7c5-dac7-42c1-9e56-5b9f61baa8bc,Bernardo da Mota,19e0aa9b-b2ea-4e56-81fc-83efb2ab486f,44862,M,luiza62,Tratamento A,PB
True,Reumatologista,926.185.073-12,nJ-1330084,mourahenrique@ig.com.br,Dermatologia,5,https://placekitten.com/139/403,814e594b-d68d-409b-86e5-185180c1e6ca,Levi Melo,98bfaee8-876e-4de7-911c-650c62d6250e,60995,M,snascimento,Tratamento A,SE
True,Lutador de kung fu,530.941.827-04,XN-8206289,lararocha@ramos.com,Cardiologia,2,https://dummyimage.com/184x610,d984cd17-106b-4b26-84df-e0df35a4b376,Matheus Nogueira,6e8a6edd-de05-4b03-93bf-336d378939d7,29264,F,augustomoraes,Tratamento B,SP
False,Homeopata,417.986.523-82,XK-9925915,zlopes@uol.com.br,Ortopedia,4,https://www.lorempixel.com/757/133,0320ae41-7f27-47e2-bf9e-1daf0e0e9004,Luna Melo,33075333-c0a3-43fc-9a0c-7ed4cb2b7228,27915,F,bsilveira,Tratamento B,TO
False,Jogador de badminton,604.712.395-34,xo-7182393,luiz-otaviovieira@yahoo.com.br,Ortopedia,2,https://www.lorempixel.com/79/639,e75388ea-9664-4a11-82b4-b2fb7e9c1433,Kevin Ribeiro,2fb8ccf8-37bd-40c1-91d1-0272bbed653f,28661,M,aragaomaria-fernanda,Tratamento A,PR
False,Operador de vídeo,976.324.018-22,SA-9593876,ana-julia01@duarte.br,Ortopedia,2,https://placekitten.com/477/668,965ef432-e406-4a3d-bca4-e9db7e9440a2,Danilo da Rocha,9ba80b0c-021d-4623-90ef-08a33dab46ba,93507,F,pereiralavinia,Tratamento C,RS
True,Navegador,278.605.194-02,GK-3611518,laramonteiro@pires.br,Pediatria,3,https://placekitten.com/34/350,e629422f-f0be-4ac9-9e7e-aa8d23512ee0,Murilo Barros,1bedab1c-f65f-46b5-8530-ba1e3eab1fc3,87533,F,luiz-miguel32,Tratamento A,AP
False,Conferente de expedição,761.294.038-87,tH-1448995,cduarte@freitas.br,Ginecologia,5,https://dummyimage.com/154x194,e5bf27a0-0de4-4bc5-88b0-13e38bb4d2d4,Sr. Henrique Nogueira,83884ee2-0fb9-49ea-826b-4e9aa8043ae4,52082,M,yasmincosta,Tratamento C,ES
True,Florista,189.603.245-15,pm-0930976,crezende@yahoo.com.br,Ortopedia,3,https://www.lorempixel.com/87/615,d3e428cd-1e08-41f4-804c-c0db080944d1,Raquel da Rocha,58277382-41f3-4ea5-8b95-8973453ed0d2,63946,F,da-motanicolas,Tratamento C,MA
True,Motofrete,352.906.781-40,Hi-2467229,maria-eduardaalmeida@ig.com.br,Ginecologia,1,https://placeimg.com/237/617/any,b4e1b4a2-632b-4324-8020-e62edaa83bc1,João Souza,444527b5-2ca3-405e-be9d-32d424c22694,49434,M,azevedolarissa,Tratamento B,PR
True,Consultor,946.718.053-75,CL-6672129,alana98@barros.br,Cardiologia,2,https://www.lorempixel.com/534/676,37e12474-ba21-4c04-a553-4797935910d9,Maria Fernanda Nunes,a1c01bc4-4312-405a-83cc-41a62d1369ea,31464,M,camilacardoso,Tratamento A,PI
False,Engenheiro florestal,852.419.063-98,Sh-3732291,freitasdaniela@ig.com.br,Ortopedia,3,https://dummyimage.com/570x94,052ec0d6-f644-45e7-bbb7-0b2a90246b36,Enrico da Costa,3032b7f9-96f8-4fa0-8bf8-57da0ffbe3d7,83991,F,rodrigo86,Tratamento C,GO
True,Promotor de eventos,692.853.471-00,PP-9952863,barrostheo@moraes.com,Dermatologia,2,https://dummyimage.com/49x230,7465767e-188e-45da-9357-b15dd95032d5,Noah Dias,8c640f5e-8b54-45e5-98b2-c75cff4b1fb3,34470,F,alice36,Tratamento A,PA
False,Jogador de hóquei,028.367.459-83,KQ-6409687,ubarros@hotmail.com,Cardiologia,2,https://dummyimage.com/221x693,242563e6-41f7-4596-9b28-72d92315e0e9,Lívia Ramos,32539bcc-cb05-48ee-91bf-258557d0a568,12095,F,thomassilva,Tratamento A,SE
False,Tecnólogo em silvicultura,581.792.063-86,WM-3940011,carvalhoheloisa@bol.com.br,Dermatologia,1,https://placeimg.com/463/839/any,ea501879-a82b-4a72-a020-d444416c3d2b,Davi Lucca Peixoto,3df1607b-c4e0-4b53-8443-643340a562cc,98690,M,galmeida,Tratamento A,RR
True,Jornalista,407.183.695-48,ik-6234492,mariane47@yahoo.com.br,Dermatologia,2,https://placekitten.com/657/206,9351b10a-8b82-4b2e-91e4-f8365990f785,Melissa Rodrigues,51162a7d-2cf6-4eb8-96c4-d0bf7280c9cc,61941,F,julianada-cruz,Tratamento B,RO
True,Prático,746.092.381-87,Gn-4518280,diego29@campos.com,Pediatria,1,https://dummyimage.com/18x196,c66a9c1d-9b3a-486a-a774-808530c3357d,Nicolas Melo,f584afca-9bbe-4e40-8962-71dc553b6364,45779,M,afogaca,Tratamento B,MS
False,Geofísico,129.576.038-02,fr-1537473,hcunha@ig.com.br,Pediatria,2,https://placeimg.com/1023/912/any,eda50efd-7464-4659-bd28-3ec87df54f83,Vicente Gomes,680dd230-86b0-46f5-8c9a-070525410b02,99636,M,vianagabriel,Tratamento C,MA
True,Produtor musical,694.280.573-47,WV-5889204,calebe33@nunes.org,Ortopedia,4,https://www.lorempixel.com/488/710,8d26f1c5-e249-4039-9cef-aea06cdfd05f,Danilo Viana,0ea8e941-a738-48f2-bc29-7b9b8c208d45,17585,M,ggomes,Tratamento A,MT
True,Administrador público,571.906.243-25,ND-0283820,davi-luizramos@gmail.com,Ginecologia,4,https://dummyimage.com/144x1013,9eda5e8f-811e-45b4-b895-431b42eedaa3,Paulo da Conceição,6b11bd7f-9a5a-4d82-9bf6-d7227dc92f08,31456,F,olivia61,Tratamento C,SC
True,Administrador público,890.462.513-06,ek-2809968,fcunha@lima.com,Cardiologia,1,https://placekitten.com/724/189,5e159157-3c3c-48ff-9371-f644d659efd1,Raquel Gonçalves,7a9a0dd8-6425-4d41-bd1a-ac6910582a12,35203,F,da-matabianca,Tratamento A,RR
True,Biblioteconomista,724.391.865-46,Dw-1049682,enzomonteiro@hotmail.com,Ortopedia,4,https://placeimg.com/214/117/any,2f45da2c-97c0-4ffb-89e0-f50acd590ae0,Renan Fernandes,c39c4243-4877-4136-a14f-704c09b00223,80215,M,goncalvesluna,Tratamento A,TO
False,Fotógrafo,629.857.130-21,Fx-2211137,ncardoso@gomes.com,Pediatria,1,https://www.lorempixel.com/739/133,90ddc3c8-0283-494a-ad0c-68422fd3b8d7,Milena Dias,5377eb98-4ede-4061-8122-41d9da5ce6aa,56207,M,gomeskevin,Tratamento B,MA
True,Servente-de-obras,309.542.861-89,qA-2751204,larissa10@gmail.com,Dermatologia,4,https://placeimg.com/724/842/any,600739b4-c206-4211-acbc-5bd168dd5209,Marina Santos,3db0a4e2-0885-4a72-943c-cbd7e02c19fa,94377,M,woliveira,Tratamento A,RS
False,Skatista,791.834.605-00,Ml-9844664,diasana-luiza@azevedo.br,Dermatologia,4,https://dummyimage.com/878x135,2bc2722a-65f4-48c1-aee9-87182645c748,Lavínia Azevedo,393d7ed6-3e36-47c7-8ad8-b58e4b29606b,19328,M,caraujo,Tratamento B,CE
False,Impressor,275.649.031-80,qn-1889161,leandrolima@carvalho.org,Cardiologia,1,https://www.lorempixel.com/259/224,f025ea13-8dd4-45c7-8d2b-6568f7ad6a86,Caroline Caldeira,44ea79ae-d7b3-48c8-b41e-955bf3a1ffa8,58589,F,limamarcela,Tratamento A,AP
True,Aviador,237.096.581-95,sv-2594382,milenasales@gmail.com,Ginecologia,2,https://placeimg.com/833/569/any,826d8cdd-8adc-41f7-8e13-300b8e66a1bd,João Vitor Freitas,61c405cf-cba3-485c-b823-61094fa4b9a9,59774,M,marcos-vinicius43,Tratamento A,RN
False,Roteirista,143.907.582-41,Gn-2561372,duarteluiz-felipe@almeida.br,Cardiologia,3,https://placekitten.com/874/880,dea4b690-7e35-4053-9673-05e0f4a5366d,Bárbara Gonçalves,575888c2-55be-4184-af79-03ae5e5a852e,64919,F,tpires,Tratamento B,MT
False,Tecnólogo em produção moveleira,418.096.357-48,TG-2529786,nascimentorodrigo@da.br,Ortopedia,2,https://dummyimage.com/61x296,8c7e8335-e7f8-430f-ac29-e8580f4a04b4,Dr. Antônio Moura,e31da48f-417a-4baf-9545-27a9220eb2db,49658,F,julianacastro,Tratamento A,PI
True,Notário,684.127.903-40,QS-0454872,ocaldeira@bol.com.br,Cardiologia,3,https://placeimg.com/853/358/any,d739c908-c63a-433c-a3fa-23980b0aef8f,Dra. Mirella Barros,fcaf43d4-1671-4442-89e9-08102c6d61e6,54664,M,isismendes,Tratamento A,PE
True,Engenheiro de computação,342.685.091-51,XX-4843453,anasantos@uol.com.br,Cardiologia,3,https://www.lorempixel.com/643/1004,0bb7109c-7ee9-4c08-9983-8fdabf59d654,João Lucas Castro,b7a76caa-3b48-4d8d-a0ff-cfada388dfd5,74136,M,breno48,Tratamento A,RS
True,Físico,249.581.736-09,pg-3360378,rezendenicole@bol.com.br,Ginecologia,5,https://www.lorempixel.com/679/793,27369d7a-4598-4dd4-9dc0-628588456eb7,Sra. Caroline Rocha,6c34b08f-334c-4e9c-acfb-2aa8854f3de3,80499,M,jda-cruz,Tratamento A,PB
False,Meteorologista,961.258.730-21,Al-7360531,joao-lucasda-rosa@ramos.net,Cardiologia,3,https://placekitten.com/935/979,6ba560ed-92d3-4e61-a393-3690fadcdc25,Catarina Gonçalves,cfb79ad3-e75c-4595-a4d0-f5080f936147,50584,M,zda-cunha,Tratamento A,BA
True,Contramestre em transporte marítimo,538.607.942-56,jq-2548260,almeidaluiz-felipe@bol.com.br,Dermatologia,4,https://placekitten.com/678/18,d6f93e2d-224a-450f-802f-558781c4a6db,Evelyn Mendes,bdea458b-8f46-4d3d-bb65-b098cecc04eb,20974,F,lopeseduarda,Tratamento A,RJ
False,Presidente da República,806.195.234-33,Mx-6576397,wviana@silveira.br,Ginecologia,5,https://placekitten.com/113/84,d393bc10-f7d2-4aa3-9cf1-1af4296e7b80,Sr. Paulo Costa,902aab52-1637-4904-9c0e-957ed902d6e7,50735,M,maria-ceciliaduarte,Tratamento C,DF
True,Bóia-fria,938.172.640-03,rr-4112986,sophiasilveira@uol.com.br,Pediatria,2,https://www.lorempixel.com/68/362,65ef9453-bebe-4401-baaa-23d1c5de6ca8,Sr. Luiz Miguel Viana,f35283ac-0591-4319-bf07-ec285834ad3e,39105,F,da-rochajoao-guilherme,Tratamento B,MT
False,Cambista,297.358.641-00,Hq-8978912,miguel79@ig.com.br,Dermatologia,3,https://placekitten.com/710/515,d66d09ca-b31f-4a7f-aa80-813686dda392,Luiz Gustavo Nunes,ca9c38e9-a8ab-444e-acab-f6346d142e2a,23093,F,oda-costa,Tratamento B,PR
True,Pecuarista,251.937.684-82,kI-4161332,cramos@azevedo.com,Cardiologia,5,https://placeimg.com/909/379/any,f7f797f1-60c2-406c-bfe7-44e399b5f80d,Clarice Rocha,c9630823-0040-40a0-bf62-8a38bc99a196,24469,M,nporto,Tratamento C,MT
True,Clarinetista,159.620.734-52,Tr-7767802,ana-vitoriasilva@uol.com.br,Dermatologia,3,https://placeimg.com/713/526/any,f3e23cea-3b8f-462a-9f5c-c4d4f91f9784,Isaac Silveira,51eb960d-86d7-420c-a94c-f6a3ae041f4b,41525,F,teixeiramelissa,Tratamento C,AP
True,Designer de moda,450.739.261-61,GY-4274415,beatriz15@gmail.com,Ginecologia,5,https://placekitten.com/646/33,21279c82-8e34-486d-829c-fde475d753aa,Ana Vitória Azevedo,1f90f2ae-8298-4ebe-9c11-598505cf102a,16465,M,emanuel59,Tratamento A,PE
False,Médico cirurgião,208.471.953-41,LQ-3884369,unovaes@da.com,Ginecologia,2,https://placeimg.com/649/846/any,0cd42a4b-c211-49b3-a6d0-e4c66045d151,Helena da Luz,a64ceefd-bc92-4d24-9a75-f9e0950c0cd1,18107,F,ana-vitoriarocha,Tratamento B,ES
True,Fundidor de placa de gesso,396.740.258-47,Kh-1154551,livia81@teixeira.br,Pediatria,5,https://placeimg.com/664/365/any,63c84f50-143e-481c-869a-54bb15faae3c,Juan Oliveira,93f328a7-d5c4-4298-b366-227e1d5b366a,35230,M,cunhabryan,Tratamento B,MA
True,Ilustrador,965.324.701-80,Pa-6304136,silvanicolas@sales.org,Cardiologia,5,https://dummyimage.com/671x954,9882b993-6028-4968-a2a8-ecca773a0f1a,Maria Clara Fogaça,6d40b6fd-7914-46b1-85b6-ac52ad891a0d,94362,M,mariana06,Tratamento C,MG
False,Cobaia Médica,158.649.732-46,SS-2879199,karaujo@caldeira.org,Dermatologia,4,https://www.lorempixel.com/533/678,b266c99f-8d37-45a1-855b-7e3a69c99021,Luiz Gustavo Vieira,f0204ae7-cbaf-4819-8df8-689411eec2a7,64682,M,gjesus,Tratamento C,AL
True,Investigador de Polícia,893.025.671-68,Vz-2432765,maria-vitoriamelo@ig.com.br,Dermatologia,3,https://www.lorempixel.com/1004/269,30b30504-d6dc-49ce-a080-c0baca8d90f4,Marcela Campos,5cc10900-f7bb-4ad5-9c84-d7eee7e36ef8,57047,F,da-cruzjulia,Tratamento A,AP
True,Desenhista,154.862.790-94,mv-4889623,juliana06@hotmail.com,Cardiologia,2,https://placeimg.com/309/348/any,e94c3602-125f-425c-ad28-2606c60d018b,Emanuel Almeida,cc73ff3a-a2a6-4d85-9a4a-4c608df92ff5,87340,F,vinicius28,Tratamento A,RN
True,Ortopedista,261.897.304-69,dY-7708680,eduardo34@ribeiro.com,Ortopedia,1,https://www.lorempixel.com/1008/134,b9ef4e96-b4e7-4a6f-b26b-d122fa6b4d75,Thales da Cunha,a63b6cdd-ac02-4fb3-ae03-aae98254e78f,51538,F,cecilia73,Tratamento C,AL
False,Açougueiro,265.017.943-07,cP-6479835,pda-rocha@barros.com,Cardiologia,1,https://www.lorempixel.com/347/229,bf51c285-4721-489e-859f-9a430dea290b,Ian Barbosa,29bfde0c-c1b3-4188-9b1d-62edc6f38167,34462,M,andrecunha,Tratamento C,PA
True,Profissional de áudio,014.583.297-04,fd-0657793,da-motaclara@gmail.com,Ortopedia,2,https://placeimg.com/112/682/any,23c488b6-1951-46fd-8fd0-82d9b0c5aacc,Stella Barros,8d9fe7af-8e8d-47a5-999e-0517ed9e5c81,70807,M,marina37,Tratamento C,CE
True,Diagramador,978.206.413-04,Mc-1320357,alexia65@ig.com.br,Ginecologia,3,https://placekitten.com/446/448,983146d4-34e1-4dbf-b89c-7e6cc64c76df,Fernanda Freitas,e4acd294-e1bc-400e-a04f-45d2c7eca7c7,11438,M,joao-gabriel98,Tratamento C,MA
False,Radioterapêutico,605.912.847-58,pK-8386124,pereiraagatha@uol.com.br,Dermatologia,3,https://placeimg.com/945/976/any,8c200bc5-b4a9-4373-8902-d0cdfece42a5,Miguel da Rocha,b10c521f-7d69-4f5a-90fb-35d57189b2b0,91106,F,lopesisabella,Tratamento A,GO
True,Manobrista,794.836.501-00,mg-8685505,martinsguilherme@bol.com.br,Ortopedia,2,https://dummyimage.com/219x541,3cae2f83-8beb-47d3-8ce9-7d90bf96f098,Giovanna Teixeira,200e464a-985a-41ba-b048-3a7ce1fcd695,95564,M,jgomes,Tratamento C,ES
False,Profissional de recursos humanos,465.802.193-51,Sh-0341765,pedroteixeira@melo.net,Pediatria,5,https://placeimg.com/85/879/any,5fb7da3b-3627-4c1b-988b-878795858275,Olivia Dias,f0922421-2f68-408d-8b79-2d4b6ed21617,43041,F,csilva,Tratamento A,SP
False,Contra regra,802.196.357-30,VU-4388961,xduarte@ig.com.br,Dermatologia,3,https://www.lorempixel.com/736/687,ef6f813a-8306-4feb-bf3c-ca3c4d08103c,Raquel Gonçalves,9067a867-d8d6-4d40-9eb7-2570bf597ba4,65884,F,rodriguessabrina,Tratamento A,MS
False,Lubrificador de máquinas,764.058.123-08,ka-0642491,ian49@rezende.com,Cardiologia,3,https://placekitten.com/455/217,060ec529-4072-462d-ac06-1835c597db2e,Luiz Fernando da Rocha,106ffe1c-6b4b-431e-aab8-d6a5fb6641d8,29087,F,melohelena,Tratamento B,RN
False,Radiologista,687.295.104-49,em-8598852,moraeseduarda@das.br,Pediatria,5,https://placeimg.com/777/399/any,48ae99c4-1dd1-4ac3-99d0-fc9323dea3a8,Lorenzo Fogaça,76244045-87dc-4ccf-b53b-178b29ed563c,36838,F,franciscoduarte,Tratamento C,AL
True,Atleta de canoagem,083.126.947-22,fd-5762945,lda-mota@uol.com.br,Pediatria,5,https://placeimg.com/581/742/any,e84dcb8e-f591-44a9-96bc-2d5a2e54ac32,João Miguel Monteiro,a0ae6d71-f35b-4ea5-8a28-d4da5791bec8,27497,M,bsilveira,Tratamento B,CE
True,Nutrologista,674.120.853-44,Jd-9056401,caue69@vieira.br,Ortopedia,4,https://dummyimage.com/894x275,c46c39c5-b876-4a09-aa88-d81a5eb862e3,Luiz Fernando Fernandes,5354c7c0-9174-45ed-9a94-4d6c5c0812d6,40620,M,ycunha,Tratamento A,ES
False,Estoquista,698.710.543-00,BN-3605889,da-rosalavinia@araujo.br,Dermatologia,5,https://placeimg.com/575/919/any,efb4de72-17c8-4f86-a8e7-2e8cc9857fa2,Theo Silva,24a59cf5-e9aa-4c64-8fc7-ff8099891358,57406,F,kcorreia,Tratamento B,PB
True,Webmaster,956.320.718-12,ck-7331566,stella79@ramos.net,Dermatologia,2,https://dummyimage.com/613x911,499a4cbc-ff3d-4f61-9d62-8b3f2e669337,Vitor Viana,43994a3d-6884-4784-be4c-f9dd7ab3c829,25395,F,davi-luiz02,Tratamento A,AM
False,Seringueiro,106.789.324-50,Lv-9933674,pietra99@ig.com.br,Cardiologia,1,https://dummyimage.com/530x368,92ef2ec3-c0c9-4fb7-bccd-caff8ae89b46,Maria Cecília Rodrigues,6de7af96-2fde-4e5f-9b18-de1ffc51400c,96390,F,gfreitas,Tratamento C,MA
True,Dogueiro,973.851.026-03,le-0282691,ana-clarada-rosa@hotmail.com,Ginecologia,5,https://placeimg.com/28/171/any,fdb6f20a-52b3-4a27-9da8-9de2bc1025bc,Cauã Ferreira,0d2bd33e-b8e8-4632-924b-0c97c6b3305c,15439,M,jesuspedro,Tratamento C,SE
False,Coloproctologista,742.960.513-34,VX-3845759,ccaldeira@souza.br,Pediatria,4,https://www.lorempixel.com/76/16,c4c56946-121e-4e87-9a7d-f5c04aff3f2e,Anthony Melo,9aec1b3d-4913-44e5-81bc-8b4f5088ede9,22291,M,isabellydas-neves,Tratamento C,SC
False,Profissional de relações públicas,218.705.943-04,Dp-7777033,bianca58@yahoo.com.br,Dermatologia,2,https://placeimg.com/123/695/any,2f38e902-69da-4857-be73-32c89dd7f4b5,Benício Mendes,dc9fe728-ddb6-41e7-83bc-223d2e6e5705,22410,F,portoeloah,Tratamento B,ES
True,Bioquímico,971.856.423-37,pH-2104294,monteiropaulo@da.br,Ortopedia,3,https://dummyimage.com/129x231,beb12071-3ce5-4358-8df4-968bf93d276c,Breno Barbosa,7d770d99-4ec0-4c65-be6a-4ec83b9fc02d,38068,F,brunadias,Tratamento B,RR
True,Afiador de ferramentas,729.604.815-85,BN-7987342,eloah71@gmail.com,Ginecologia,2,https://placekitten.com/75/162,d71502cc-3591-4d60-9016-3bb9f30be7e2,Luiz Gustavo Nogueira,d0b54c03-81d6-4865-b46d-209248cd0306,26412,F,rochalivia,Tratamento B,PB
True,Plastimodelista,328.609.741-13,Fd-5053693,maria-cecilia85@uol.com.br,Dermatologia,5,https://dummyimage.com/1003x299,bf5c97b2-b7b4-456e-bc16-542f921ef58b,Dr. João Felipe Pinto,e26a9f4c-5d3b-41c8-9ea5-a7632ae3dc23,94214,M,lopesjulia,Tratamento B,GO
True,Publicitário,264.713.059-07,Kc-3662500,eduardo83@ig.com.br,Dermatologia,3,https://placeimg.com/1006/25/any,e56d3b2f-5338-42cf-baaf-897fa5c40f18,Maria Clara Alves,1b080f6c-2cf2-442d-ba03-912a5e04fa0e,92331,M,pvieira,Tratamento B,PB
False,Diretor de cinema,374.691.085-48,ul-4601742,gomesjulia@bol.com.br,Pediatria,1,https://placeimg.com/983/603/any,a707729f-d53d-4195-9ce1-b793a7ecac42,Pedro Miguel Azevedo,98cddaef-76c1-4300-aa3c-c6715ea62b16,29261,F,marianabarros,Tratamento A,AL
True,Chaveiro,384.951.276-28,qc-5058661,maria-cecilia45@bol.com.br,Ortopedia,4,https://dummyimage.com/481x433,d0645ae5-bce6-4bac-a001-9a442504fbc6,Emilly Ramos,81354801-1ba9-4c50-967f-43d5311ffdfa,24735,F,cardosoana-laura,Tratamento A,MA
True,Engenheiro de computação,936.285.147-46,WK-3147418,miguel80@bol.com.br,Ortopedia,4,https://dummyimage.com/967x82,1b01491a-ac11-4420-a7a2-e5e99aee396d,Cauê Nunes,fb3754b1-7365-4495-a98e-81702b27151b,73772,M,vitorsantos,Tratamento C,SC
False,Numerólogo,072.951.483-88,Vw-9979832,uda-cruz@gomes.br,Cardiologia,3,https://placekitten.com/295/701,f1970559-6ba3-4953-a851-9b60076b31da,Davi Luiz Dias,1fc0d717-f057-4d6b-983c-468799e94618,67003,M,pereirarafael,Tratamento C,CE
True,Engenheiro de horticultura,694.312.807-87,sQ-7448807,zcardoso@moraes.net,Cardiologia,4,https://www.lorempixel.com/391/482,9292d763-0c6a-40e9-aee1-0ee4274c5284,João Vitor Araújo,183b30f5-86d7-4e48-9613-2165fef2e84f,43138,F,gpires,Tratamento A,RN
False,Auditor,156.283.907-12,kS-0968027,thiagoazevedo@carvalho.com,Dermatologia,4,https://www.lorempixel.com/864/961,6e6a71e0-9231-4285-9e7f-0f6eb38ba1d2,Yasmin Teixeira,3dd7f45b-c82b-490f-a7d1-131d842e4de7,53470,F,luiz-henrique52,Tratamento B,MT
True,Historiador,125.739.406-16,nI-5181623,guilherme73@uol.com.br,Ginecologia,1,https://dummyimage.com/519x216,582c0e5f-ec19-48c8-a07e-a041552f6e89,Emanuella Rodrigues,1b0f850e-b8b9-44f1-913c-ccc240a6f05d,81881,M,gcarvalho,Tratamento C,SP
False,Agente de viagens,532.048.769-00,kJ-5107502,rochaana-livia@hotmail.com,Ortopedia,3,https://placeimg.com/237/877/any,7db5331e-5502-4367-a752-43035decb99e,Leonardo da Paz,776d3665-b8a8-4120-91e5-8c322c2e93f0,45718,F,mcunha,Tratamento A,SC
False,Treinador,408.537.269-65,lE-8544169,jalves@porto.net,Ginecologia,2,https://www.lorempixel.com/24/125,53eecae9-7ae6-4146-9ad9-1f4f19a635f6,Cauã Pereira,65052b34-5093-4df8-ac05-090727a2c217,27093,F,rcaldeira,Tratamento B,AP
False,Telefonista,530.827.619-68,Zz-8254880,rafaela92@yahoo.com.br,Dermatologia,1,https://dummyimage.com/654x702,80909d39-785d-4168-bab1-0718687293a6,Maria Sophia Almeida,1dd03483-a594-4374-90ae-e82bfa97c3fc,32343,M,elisa41,Tratamento B,AC
True,Agente de viagens,529.038.764-10,Ck-7286725,marcos-viniciusmoraes@novaes.br,Cardiologia,3,https://placekitten.com/870/1015,ee2849f8-665d-40c8-aeeb-4c2dd3e24605,Dra. Lara Carvalho,14056246-9f6f-44db-b323-32190b5b77a3,85383,F,vianathales,Tratamento B,AM
False,Jogador de vôlei,923.654.017-16,bD-1586084,bruna29@uol.com.br,Ginecologia,3,https://placekitten.com/54/338,b01a4151-37bd-426b-9b69-aad49c619c6b,Emanuel Monteiro,ce846f4b-f40b-4a41-9710-97dce6fde7b6,89940,M,qda-mota,Tratamento C,PE
False,Engenheiro de materiais,354.019.278-60,BZ-4423295,qfernandes@cunha.com,Ortopedia,4,https://www.lorempixel.com/46/758,f0920838-3f5b-40e9-bcd4-eb65a8d4d53f,Isaac da Paz,271d207a-f39c-49b3-877d-14a3504dc02e,20057,F,maysa20,Tratamento C,PE
True,Médico nuclear,257.981.304-79,xS-6006007,manuelada-costa@uol.com.br,Ginecologia,5,https://www.lorempixel.com/740/611,0d060561-6ddf-4fe0-8b26-ed71f476c3ff,Otávio Santos,22279722-ef70-4a8e-aad7-c4449978ba94,23106,M,alice36,Tratamento B,PA
